identifier,text,city,postalCode,country,anchor
f8b73187-6b75-4b53-9b1d-c755ddb73524,Lukassteeg 84,Oud Zuilen,5579 YN,Netherlands,c8a70639-eb11-47b3-a7a9-c3787c65c1e5
b2706c59-e590-40d5-bfbc-48cc1d093d33,Anne Stravenue 82,Adreiside,45067,EE,d3290a4c-b5d3-4b16-a619-4cb1d71037d1
d6a00eae-d266-4a6a-ad28-3b465e21b489,Kaasik Field 107,Reetbury,64161,EE,9cdeb3e6-0870-415c-afcd-81b5d24bace4
30c005dd-dbbc-4dfa-a5a9-0890918bb1fd,Pimstraat 126,Lengel,3250 EH,NL,971c702d-5bf4-4c04-ac64-2b4c49b25ded
40143e05-9c18-4cc6-9f3f-b82e6941bb55,Cornelius-Mitterer-Ring 83,Sankt Valentin,3787 ,AT,0cc36d8c-7786-4fe5-9675-ebf74fe30c9a
c6717653-ec8f-4efb-a572-2015873bfbe8,Stefanie-Suppan-Ring 31A,Hainburg an der Donau,5910,AT,4745dd9e-2789-4389-9f32-77fd1d77ce40
f9578f86-f010-4854-b4c0-5a8c39bdd393,Sutt Route 145,Lake Raivo,33773,Estonia,15ace7a1-ceca-4ee3-90da-8a9516408169
578c6350-43a7-4229-843f-f5612126db1a,Justin-Gross-Straße 126,Ternitz,4294,AT,d3b564b0-8be0-4c3e-9c94-938160c6b3ed
171afb4b-e990-4484-8288-cf05d80cec38,Noorweg 85,Sint Janskoloster,9210 KF,NL,8147a8f4-5f0e-4320-b7f6-0e7f75f2bc20
f43a8e60-7843-443d-ba22-ca0668d623d5,Kyanboulevard 125,Vorden,9898 VS,Netherlands,e38690e7-e27a-48e9-91c3-d1bcc6be6432
4d2bf379-ff9d-43e5-b776-4e3b25d8bf12,Vito-Tanzer-Ring 46,Frohnhleiten,6578,AT,24aeba79-e4b8-4987-98ba-0f0e120d7126
62f030be-a900-4791-b954-ae38c73cd462,Jekaterina Island 140,South Elena,57329 ,EE,c13e66af-3c95-40d3-be2a-ad3e82221345
8be85032-741e-45c5-86ac-2f163ee5e4e5,Lindseyhof 123,Stiens,8173 CV,Netherlands,47b3df41-67c2-4355-8312-1af68b32992a
869f8d0c-7c8c-4709-9cb7-f010ec31a205,Sergey Forge 83,Elenafort,10405,EE,641659c0-78b6-4daf-9afb-9565068a3c38
250448ba-b90b-4cfb-8934-2acb6525da14,Timpad 65B,Meterik,9641 EG,NL,6d62e40c-638d-421a-bbc5-9e92ca1209ad
0eb29e8c-1939-4e0f-a750-77514edd47b5,Zakarialaan 46,Wetsens,5380 XN,Netherlands,56525ce0-3725-4d0c-b9c4-5c38b440ffe0
403ea5e6-6293-4133-913a-7b9d99905f50,Olga Key 51,West Anna,34769,EE,4053b188-339d-48f5-9658-b1b33012ae1c
85e70d04-7564-4785-af26-0bd75c2f8082,Sophiepad 68,Tonden,6650HE,NL,1b770deb-6f51-4a78-bea2-a33a51d11bcd
6155dba8-480e-4bff-bc25-1e3061c80025,Jessica-Bachmann-Straße 83,Zwettl,9873 ,AT,3dd0c866-0649-4ef5-8fb2-de1ea0b976c2
4e379acb-a766-440b-a753-1bcdd86250b9,Haslauerplatz 84C,Bregenz,4948,AT,f4e1680b-05a0-4c72-b22a-4fc63f2de8a8
55036164-1091-4251-a59e-ed4a1f557a8a,Nikiforov Mountains 28,Aderport,41550,Estonia,88239867-c5dd-467b-88f1-100bfa3222c4
74362f2e-09d8-4c87-84ce-b44aa64a2259,Helmstr. 61,Ybbs an der Donau,8336,Austria,fd768f63-5163-4e1d-8df7-a26786fadb0e
da166d68-1c77-4ef6-a4f7-621d78510770,Laura Ville 32,Lake Peeterfort,56464,EE,067fece7-f1ff-46dc-b45a-a79bd855fb35
a588cb6a-6867-4023-a7c2-ff49ecc1db2c,Zettlplatz 114,Hainfeld,7929,Austria,8d7f7ba5-72e6-416e-a671-0ad2c1b5468a
722c4dd2-525f-40cd-94db-7869be5248fe,Bilalring 122C,Echteld,7621 AK,NL,4fae667b-b2e7-4e77-8fe1-cedfa5387901
7ff2a8e9-fade-41cf-ba24-5bde848d82db,Reichmannweg 137,Frohnleiten,2476,Austria,52a33c33-037e-4725-a5a1-bdaea747795e
572566a9-e826-4ae8-97a9-e68294902bfc,Steinkellnergasse 54B,Waidhofen an der Ybbs,2963,AT,e9e7e1ba-916b-41ee-afae-feda6b325d48
5d65292f-e9db-4ffa-8b98-dbbf27bffec1,Laas Stream 41,Annuschester,41165,Estonia,21d4fb7e-2258-4c89-98cc-f9b4354af1bd
60bb2635-1913-4ebe-899b-069568632f2e,Lara-Schön-Weg 67,Rottenmmann,4634,AT,ea31e67a-e168-4205-bc0a-94de4e245cf7
ac458be6-7ba4-48fb-a15b-6ec38ec4596c,Benjamin-Tischler-Platz 73,Radenthein,7127,Austria,68adc28f-8463-416a-be65-6befe0efc989
9ae3ba8c-1d38-4651-8ce0-ea2b42b118c9,Franz-Marx-Straße 1,Oberndorf bei Salzburg,2976,Austria,8e5f37fa-68f4-4b51-b3fa-861390ed41f4
1496b58c-be52-4511-a9fa-dabfc0950a83,Mikastraat 133,Venhorst,1059 KC,NL,5e146c30-bd2c-4b8d-b9eb-fa326c1b6811
991f43d3-3e14-49f0-8f12-5f785de7e0bb,Alexander-Kopf-Weg 18,Grieskirchen,9040 ,AT,d24e3104-1dd2-4234-a131-24bd01275a63
916aee9b-71aa-4141-aa78-69662db4a5a7,Marek Fords 19,New Viktoria,59270 ,EE,51cd2c07-a8f7-4b61-b9d2-b2de92bba701
f121290d-8214-4679-82e0-054a8a3944c2,Aino Cape 70C,Vainmouth,72093,EE,7176d181-3e2b-4653-a258-edf30ff0952a
1d6e3b9d-fc30-4a88-9a0a-6f7c6b5168fb,Britthof 19,Renesse,9458SS,NL,fefd320b-f5ef-4a99-810f-5ddfa2251838
2d91a6de-2358-48f1-938d-38983dd86412,Felixstraat 76,Oldenzijl,4196 EO,Netherlands,d6a2c379-e0c6-48a7-8748-f7ea72789d75
701e75a9-4521-47b2-8653-95d5eaa5d889,Gerritring 67,Egmond-Binnen,6400 YE,Netherlands,45a16970-a11b-46b0-8823-6adf3f7512c5
cb7fdf3f-856f-406e-bea9-91a3cd64cf0f,Annemijnboulevard 149,Bvenkarspel,1203 IS,NL,20d5c16e-9611-49cf-bfbd-fd47dc7972f0
f0bf9856-68c9-4137-8d98-c58265706a49,Mikepad 33,'s-Graveland,5492 CV,Netherlands,039d60ba-9c99-4735-95a6-52a708fce7af
cc0b1dad-a554-4e2e-b52c-42397c076c89,Daniweg 69A,Angeren,9800 AU,NL,8c3fa29f-fa4b-4bc6-9121-f31f5028361f
683a7045-7254-4281-89aa-481643edddd7,Anna Inlet 146,Langtown,76772 ,EE,e775f27e-2ec0-42f0-9310-0ac51932263c
4b1febe4-c186-427c-b74c-425aeba2eb02,Viktor Points 24C,Viksburgh,72061,EE,94d7f681-d551-4e14-a18d-99ce20fa5cd3
6f550c0c-892b-49f3-bcfb-e1c5d3089f2e,Riina Gardens 123,Tõnuland,95547 ,EE,0b9bcb7e-dba6-40f1-b5bb-cdb0bda31488
d2f0be5e-2782-462f-b664-1a484192d03d,Oras Locks 130,Maiefurt,41478,EE,4c43745b-8063-4ef2-a534-28bbb20ed719
54e3d9c5-8ebb-4b0c-bcc7-48513d140464,Tarmo Lake 92,East Sergey,30532 ,EE,024e8609-4486-4d26-8fd0-92769c017e5d
8b29a9c7-8aa2-4b92-aedb-9de71aa43a19,Ossipov Road 24,Põderberg,78693,EE,3a0879fb-dc78-43b3-a919-b5aaf0c99bea
4eba8588-2a0a-43ec-8155-adc91752654e,Rein Trail 98C,Sillasteberg,66820,EE,bf2b6442-2f9f-4bf9-96b6-b5d01c87284d
b76362e4-5255-4d70-983b-b353e2dbc29d,Priit Street 91,North Romanfurt,31917,Estonia,679bcce2-681d-40de-8c15-514db40eb501
a4d4af7e-bcec-404b-9194-6aa0e131576c,Anu Isle 106,Port Viktor,23734,Estonia,52c51809-d20e-4b0e-bd87-44d801a50ef1
7204b50f-f230-4b6c-ac20-733476be44ff,Nõmme Hollow 68,Lake Andreshaven,70072,EE,de8e3228-aa64-4f16-b035-50885a2bf7fe
14318bcf-d76a-4767-b2b2-28b757d059d8,Matvejev Orchard 138,Indrekmouth,67144,EE,f26ce972-e1da-4dd8-aa09-7bb2c187715f
e0ce9c23-97fa-4d02-a077-0723149555c5,Pavel Radial 80C,East Juri,74582,EE,5f3fa533-e28c-4c3c-ad82-5ea8dda9a02a
cb4da7e8-3294-46ac-a278-33cd7fe7725a,Priit Mount 91,North Irinaborough,12187 ,EE,49ab05a8-8060-44aa-8037-fffa14b8317e
4f19d7e1-7ee2-4a88-83c2-bd69797f3598,Rosenberg Crossroad 115,Anneshire,31221,EE,f13a2ff3-9365-4891-a460-0a02c5acc612
183483ce-ed0b-4993-9a83-3ada9e71aa51,Aino Divide 11,Annaview,19618,EE,93d5e33b-bd86-4312-b506-9af5d2ebe96b
3b98d3b5-7612-4eb8-b5fa-e0eef41c8800,Isisring 85,Grootschermer,2812 AU,Netherlands,70bef8fb-6598-42bf-8a18-bafe2df4a748
b0177941-799c-417f-b7f0-59827733ac0d,Beratbaan 11,Helvoirt,9135MC,NL,5e6cc9e4-1768-499d-acff-d101cb622873
f1b4720a-e21c-4aa7-b0f8-90f79b8a899d,Juliesingel 112,Schaijk,2940 CD,Netherlands,e3531771-ba25-4533-805c-7d25fcb8f90c
1ab7c23b-513b-454d-917a-d2c4b21bbd52,Suzepad 34,Punthorst,2368 YL,NL,020aca12-055d-4ed4-9fa7-cb00816241bd
70e2d213-eb53-44b2-a368-5476148b263c,Liseboulevard 99B,Jouswier,4694 LZ,NL,edb8a483-c652-43ab-865b-b8d7f5199484
409f105d-2831-4ca2-b5d1-95fa7a491869,Aliciahof 116,Vuren,2498UD,NL,97e27d7a-9c36-4f6d-9121-9f59df240ae5
e30449ea-97c6-4764-afac-4c4e0671e6c8,Stenpad 39,Drreumel,5051 YZ,NL,e6ab5199-de93-4896-bada-5a662fa0823a
95d366f1-d27a-4e5e-8a5e-b00ece39af7d,Sennalaan 52A,De Zilk,5250 EI,NL,6bd2729b-a516-4d17-a71f-767485883d44
78809353-e140-4de9-aa43-628d8d128ec5,Calvin-Mitter-Straße 50,Wörgl,1110,AT,8c9ebc8a-5984-4e66-8895-3e23f2c1c87d
41d9ebc8-87f0-4e81-ade0-af610830cb3f,Elina-Wurzer-Platz 107,Rotteenmann,4988,AT,10587f45-2539-4215-a3c0-b46981001b5e
8e5c0cfd-19cb-4a0a-b9a4-ab347ca97762,Nikolina-Kucera-Straße 39,Fürstenfeld,9237 ,AT,6af26631-1761-41c2-b6c5-5e3ba203b291
ae163622-9100-42f2-b691-bff87dc54956,Konstantin-Koller-Ring 94,Leooben,7362,AT,5551d5e3-4f47-4c94-93e6-db96c2450788
9cce5463-efce-4a57-bd6f-26cb91dd29ee,Josef-Haderer-Ring 12,Herzogenburg,9244,Austria,e6effcd1-6728-4f94-9370-bdf9d85d37fe
86fe4a0e-9695-4603-805b-03f1a0dc9090,Alara-Reif-Weg 88,Enns,2160,Austria,dc413314-7f1f-4654-a90a-a00650807f5e
8a623728-060e-4659-b7d0-bb7267f7488d,Foidlstr. 65,Kerms an der Donau,6060,AT,06ab5a91-d83d-424b-bcd8-d4e4b8d056c1
51894de0-908a-4dc4-b43a-326437deaf22,Fernando-Polzer-Platz 77A,Ferlach,6055,AT,c9aadaa6-e440-4a7c-a953-61bfee628c9a
046bec83-e34a-4a9f-bfe4-f041a49cb64b,Petra-Falkner-Straße 107,Schwanenstadt,1006,AT,f7f6b599-6f1c-4ff4-bf84-8dfcefd622d7
0f41954c-c626-4a9c-934d-41d6dace2694,Nikolai-Scheucher-Ring 93,Gänserndorf,8049,AT,531d07a1-ad26-4be4-8adf-4be2468f6365
6376d428-8696-4323-9ca9-9d56996fe401,Manuel-Schwendinger-Weg 5C,Altheim,2279,AT,ae1c3845-5676-4476-913e-7095fff70694
041081d3-c252-428e-8408-018fede0efd9,Madeleine-Teufl-Ring 6,Rottenmann,2285,Austria,8fc57f7b-eed5-40da-b11e-db4321d98c64
22e77cba-4f32-4dec-ab34-c0c6669749bd,Nikola-Schwab-Ring 3,Jennersdorf,4114,Austria,f26b659b-f85c-4c9e-8f13-0e07331fcd72
eb80d308-f806-4d11-b800-591314287ce1,Haasstr. 75,Neulengbach,1341,AT,044ec9a8-12c1-4b82-be5c-99ac0f95b88a
462bb1f9-198b-4462-b9fa-d7cadbe7981d,Jennifer-Bernhard-Gasse 77C,Judenburg,8262,AT,e8bb1f29-98d3-4b06-a454-5742d6591826
fd54eb96-95da-41d1-b98a-480f690fb11b,Neumayerplatz 30,Traismauer,9714,Austria,5b34a62a-cfc2-40da-838e-0b04ec52cef1
c0928129-21c5-44c9-8ae9-cde78da69877,Blauensteinerweg 102,Ternitz,7599,AT,374049d3-3a4b-4aab-8659-cf439de8ddf4
380ec516-d5eb-4e2c-9feb-938470c59d08,Sarap Crest 87,Suoth JÃ¼ri,41096,EE,b4652600-92c4-4c99-9062-5b3bd2385cf5
ce1bf2bc-b599-43c5-ab62-0e2fad3ccc3e,Valeri Locks 82,Ãlleiew,82106,EE,7a0cd3b5-e85c-4c1b-b265-00149a7945cf
964bbe7f-0d6f-4cdf-8519-2218157c58af,Raadik Junctions 95,Maleton,24650,EE,e2238f55-48e4-42fd-b89e-d0ff2c8cb3fc
ec6ef15f-e424-4dcb-8829-30e92e989561,Gontšarov Square 129,Jaanusburrgh,44952,EE,8fdd2315-6676-44ce-bcea-20e0c497449d
36600f54-acf1-4646-b416-00684903ac4d,Müür Park 111,Enebury,74120,Estonia,43305aa1-725b-40ca-ae00-1a756efa9a18
f64af26d-8ce9-4070-80bb-b62347006904,Katharina-Stecher-Ring 136,Groß-Enzersdorf,5588 ,AT,931e0d80-fc7e-4ebb-9616-7a2f57a47b99
ef7079c8-d8f2-457f-8b7b-abe806f08de5,Walterplatz 132,Feldkirchen,2486 ,AT,14b64d4f-c548-4917-b297-30a1560e409d
f8ca6fc9-69c4-4780-9fbf-c5957f1b38a9,Urbanstraße 86,Mattersburg,6922,Austria,673ce1e6-fb95-40e0-acd8-88239993bdd7
3d1f4710-963b-44c5-bb30-c643eaaf0cf0,Reischlstraße 16,Amstetten,9831,Austria,e90a2364-3a03-473e-bb9b-df46f5930c38
8a8deb26-7f6e-479c-9f61-4443d1c034b0,Rosa-Sorger-Straße 82,GffÃ¶hl,7399,AT,d4e3fd71-e861-43fd-bca1-248409aaae6d
1cb49e33-1b98-4432-b05e-34283d15ae66,Calvin-Kasper-Straße 46,Dürnstein,6578 ,AT,514f652f-cb71-4e2f-bbe1-4cbd9b7f3e1b
73a737f3-2e71-40a2-bf35-a534b8026206,Fleischmanngasse 147,Köflach,1969 ,AT,eb63d7ef-1540-454d-a644-d4f4e0985dd3
83013cf3-2f99-49dc-863d-f04fea6e185d,Elyas-Pieber-Gasse 121,Schrattenthal,5709,Austria,19f8b828-a40a-4ab8-aea4-e39843f26ed2
03042da4-2042-44ef-9272-cd4cb79e3ca5,Dana-Edlinger-Straße 95,Kufstein,2617,Austria,a63a98d1-f116-4fa5-b3ad-f6e2736243ad
ab0ee434-9f5f-4fec-bca2-d39d0e9912c6,Claire-Posch-Ring 75A,Marchtrenk,7718,AT,08f2bc96-d0a7-46b0-9c3e-5d9b0640151e
c58cf65d-24d5-4166-b808-e7648ee9de69,Meikelaan 31,Bakhuizen,2328 GS,NL,1f206b2e-2e40-45cc-9bb9-967b19c87c07
decf9724-6d58-4abe-a37a-a0fca723f375,Charlottebaan 71,Rijswijk (GLD),4124 IT,Netherlands,aa07c6e1-b284-4450-bec2-64ee8d6ba9fc
0b040b54-6542-4e6d-a214-f05465829487,Milahof 74,Onppenhuizen,7639 KX,NL,4c9dc9a8-4da3-4a8f-9870-62f9d7d9cd2c
9e43d55b-d691-4913-bf61-39db88ba1876,Stefring 97,Ansen,8813 TF,Netherlands,cde7f769-6d4d-4b1a-a524-c559554829e5
dd52225f-86f7-4d6f-8239-63a327dfa317,Tijslaan 138,Eindhoven,2501 AW,NL,0534756e-86ae-4731-ba72-ec894d34b9c9
5a77eb2a-eee0-4284-aa11-3eb3687721fa,Fennasteeg 133,Westerbroek,8337 QD,Netherlands,46fbd74c-525b-4551-a65c-5421ec5f3b26
e67fd51e-3fb9-4bd5-ad60-ac0fdd658c2d,Aydenstraat 36,Zijdewind,2212BB,NL,c14826b8-ab2a-4ee2-9bdd-3860c4cd6141
b553d3e0-e5a7-4292-b5fc-22cb8adbfebd,Suzeweg 129A,Achtmaal,7277 QZ,NL,ee9f143d-fe72-4797-a949-8f966ba714d9
7b94e2db-39da-487f-b6a2-794469071989,Merlehof 84C,Haren Gn,2740 RV,NL,a115a910-b92f-426b-bcdd-6c4f71ca581e
494d5f6a-7deb-4788-82da-18cb3d76a604,Noortjesteeg 33,Makkmu,1350 SM,NL,eda3852f-378f-48ec-92b8-a1e10815f813
dd7eca30-87e5-4481-a4d8-0bb4f5275554,Bastiaanpad 40C,Kuitaart,8918 NH,NL,9b2c7c5e-3c44-42a4-bc64-46da61dbbd36
c42a2217-fd17-498f-8963-c6260b721edb,Lotpad 136,Den xHorn,7237 IN,NL,662cd6c6-c4b2-45f2-97ad-9fa3e5ea8fd8
50ef96eb-92c8-489d-a1ff-275b91f48a3a,Jasperhof 106,Hidarad,1008 JC,NL,f883d4ec-c625-40f6-b224-f96d9378de03
73fa2d5a-2cde-4396-b314-921a495d09df,Nadiaring 94A,Loënga,5768 LO,NL,35951baf-7432-4cbc-983a-f1862d6efa7d
399b0f98-c274-4566-8866-ec6da40ba8b7,Sennasteeg 120,Simpelveld,2743UN,NL,5ab5d4c1-01a9-4f82-a339-931759f6b809
de6f00ed-d1ff-4bd4-b7c9-818f9ea191d6,Esmeeweg 105,Farmsum,2103QS,NL,9c195380-9b00-44f3-8cd6-b053f952eb70
a8c889be-8063-4ed1-a2cb-4b5c0eb02c9f,Reichlgasse 149,Poysdorf,9968 ,AT,c468c138-1871-4c59-be6c-482de83bf4c8
a2f2a0ad-1a66-471d-8508-52faf2e10975,Jasper-Heller-Gasse 49,Braunau am Inn,3125,Austria,38411fea-a54b-4f00-a5e8-a321b111abef
5372a4f0-c7ef-488d-9fe9-afdbcdc6b250,Steinlechnerring 79,Retz,6077,AT,b90f8320-e2a3-4bd5-95c0-57741912f354
19bb50e2-7ec0-4239-9a04-22df5a3aae46,Höflergasse 51,Scheibbs,6984,AT,1e544cc5-7ab0-4ef0-89da-2bbb57561bef
e6ed96f5-5039-4379-ad84-f6aad942b9b8,Danilo-Mitterlehner-Gasse 113,Baden,2908,AT,84f3ffce-29d5-491a-9abb-092d28d483ca
f8000e33-5bd5-435c-8617-584e7522c7f6,Elisabeth-Rössler-Ring 94,Schrrattenthal,5869,AT,9c9da0d2-9087-4f0e-9206-d547d6a2c182
a2e338df-39e6-4535-a21a-bed0af29fa2b,Laht Mews 133,Lake Irinatown,86538,EE,463f2dad-3500-4026-b927-eac4aa6fd185
979dbd9a-3e10-4b84-a865-fddd03726bbe,Pavel Lock 86C,North Jekaterinastad,97935,EE,cdd1e166-3317-4126-a0cb-72ad45f4eaa8
8cd2891c-7808-4452-b076-f17308123dac,Anu Trace 90,Toomasaberg,18879,EE,814c8efb-9e65-4a3c-9164-9612336d5cc0
9822031f-ed6b-4351-b1e3-79d489d133fb,Peeter Islands 42,Palumouth,97685,EE,29c4a8b3-d71b-458f-90b7-865f338ad4df
2b3d9594-2836-490f-8ca5-606321f5e28e,Anna Fork 68,Urmasladn,21111,EE,08d6bc9c-9c16-457c-968b-1abdcef46fcc
2f0e4538-58dc-4be6-8661-7cd76a947c09,Villemson Ranch 78,North Sergeiburgh,56893,Estonia,d6b0d495-3961-4bfb-956a-5e5a2627f1dd
b0471240-3f7e-47a1-b326-526c9d0f0888,Kalmus Trail 111,Pgulkmouth,57994,EE,579162f7-d96b-42f7-b1cf-c5538abc0ff7
bf8017da-c225-492d-93aa-be3003957d65,Kristi Creek 38,New Jelena,89190 ,EE,6a9000a8-f744-45c9-963f-464362d63c9d
8f64ee3f-ba15-4e65-847c-996bf0679891,Rikstraat 122B,Puttershoek,5658 QN,NL,cb562026-a4d6-4d94-9097-be87168d8bf9
cbe4ae00-5f10-4df5-aee5-798110d02510,Linnbaan 30,Slene,5361 RW,NL,ee7150cd-f25b-4180-a41f-26d3b6f6fec4
d30b6cc2-fb92-4b8c-976c-76e26f6fad0b,Gijsweg 99,Beutenaken,7993 AP,NL,3a1e1faa-400a-47fc-b5ca-4006085698d7
ba5e6758-ddcb-4591-9ef1-1a5f34e024cc,Deandreef 26,Nieuw-Weerdinge,1897GE,NL,0ce131dc-eece-4051-94b6-35d80f23d695
f4ba892f-3a15-4914-ab5c-b3698869d568,Samsteeg 87,Lobith,5348 TT,NL,50bea76b-e732-4e1f-a4b2-1ca69938b9e7
b57445b7-2fdf-448b-88cc-cf1a6e515677,Sebastiaanhof 113,Westerhoven,4010 ND,NL,d04ed07f-5d29-4600-bde2-ae271f3fd2cd
0701dc1c-b256-4eb6-87fc-d8bcc2f49e43,Berendpad 16,Echtceld,6042 AC,NL,87a35077-5d37-4869-9b91-cfb5de4f4739
663bb8e6-54d1-4953-8886-c0ecdb249d0e,Mickring 114C,Zeijerveen,5296 CJ,NL,3464a4d6-7f6e-45a6-80b3-5a929e0394e7
861b807e-7abf-4b4e-b6c2-5653ee4c0d59,Rikdreef 97C,Nieuwe Pekela,2569 KW,NL,412bc65b-1586-4778-96e9-ae4150011d9d
87e915d7-e2ee-4d6e-9d31-21aade420afb,Martdreef 99B,Dreischor,3354 WO,NL,3a581614-3763-4524-bcb9-ca3ef0d3f406
f54b660d-4948-466a-b89a-6bd554e5d499,Kilk Corner 132,North Kristina,64165,EE,085c52f0-f19d-49dd-9bb6-cafb82acaff5
3772bd09-8676-444c-be34-640289a01aef,Ossipov Crossroad 139C,South Jaanuschester,93376,EE,62d33a20-d1e8-41d6-8041-39adc89ab359
4b8a7f39-10df-4950-affd-9949e0cc71eb,Galina Villages 104A,South Kristi,80489,EE,5726adc9-aa25-45aa-9168-8dc60aab3d43
30bfd15e-b670-410b-b13c-33eca20a4a5a,Maslov Walk 8,West Mihkelton,89155,Estonia,dfd030d2-232d-4c75-bc20-8bb30de5a69c
31ccb526-6e55-4a1b-ad27-4d612ee180ff,Lebedev Extensions 76,North Natalja,19732 ,EE,13ea5afc-0fdd-4282-ac31-a254074fbe49
1e36d9cd-ee5b-4340-9b90-ea40538ff274,Katrin Spur 147,New Roman,13028,Estonia,2331b262-75b1-4d44-94d2-88517042924d
c41d35bd-9be0-4ac0-9d57-de533c4b05ab,Olga Hollow 46,Kuuskmosuth,18589,EE,d91f6f79-7d3c-4d71-b418-27e1a97daee1
528591ed-c6ea-45ab-b74b-76bb3bbfa261,Juulsteeg 36,Voorburg,8196WK,NL,83448662-04a4-411a-80e1-a7683cd17950
181f00b2-cb83-437c-bed1-f03975acc36d,Lukahof 42,Ewiijk,3850 RP,NL,53475d8a-44ba-4427-9e49-dc9e29cf0d42
792c9d2a-1acc-4104-8098-1a745866427d,Jasmijnweg 8B,Zevenhoven,4578 MH,NL,4abaea30-7bfe-45c5-94c3-aaaaeceb437a
d0d57c9a-0fcd-466f-b803-3cb2494845ad,Amberhof 92C,Lathum,1463 YW,NL,1436d260-d434-492d-8bbe-ea054653ff61
15655e3f-ed10-4182-bc15-65909fbdad79,Damianhof 129,Velserbroek,7518 QF,NL,bfd81305-78ce-4c41-9cc9-31187fb5a235
01aab8e0-22d0-4d76-bcf2-a50405b167cd,Kayleighpad 142,Empe,5280 KE,NL,59de82a0-e8a3-405f-8538-75f4176088e5
3d874aea-4038-4774-8a24-9238a4575ecc,Youssefdreef 133,Vries,7387 RO,NL,bbf60181-8edc-4f3f-bb3c-b1db792613ac
f05895e9-171d-43fc-a95d-1961e2df494e,Mayastraat 90,Deeest,4644 TX,NL,395d4e8b-9f80-4627-a3c8-8c7ad35666e5
b6030c86-5c37-407f-96b1-1d9bc3faede6,Zoëweg 54,Hirden,5852 XF,NL,592270c8-a0be-41ce-b43d-4820d50f88d0
a5437148-5ac5-484c-b20a-b0b6a948328e,Lilysingel 63,Kerkraed,2575 PB,NL,a7b4913b-5624-4f64-87b9-2b789469d522
b0a2f284-455f-444d-ac53-79f04eb23973,Madeliefstraat 141,Blokzijl,8697 EV,Netherlands,25453a55-4e53-4609-9f92-c54bfb98c8d5
579b9b8f-5351-4c19-95bb-308b395efb49,Tarasteeg 102C,Makkum,2114 MG,NL,4e48ce3c-38a1-408d-b06f-0d4ac4092209
328555ad-9eb7-4318-8035-15f58905be6a,Emmabaan 11C,Laag-Keppel,5912 EL,NL,6d83cb04-570b-4a6d-8bb0-56566ffef3e8
3ed9b6fd-c773-4bd1-aaca-9351f87d6ac0,Larastraat 137,Pnuthorst,7086 LB,NL,ca5aa58d-2dd7-4003-9aa3-cdad289cd17d
09905828-45fb-4b64-8f0a-765149bbb8db,Lolastraat 72C,Markenbinnen,6167 FA,NL,754ab5b6-9dd5-46b4-9f6e-3974fd0293cd
1dc338f3-9c13-4b14-95d8-7ca969488c3f,Veerlehof 31,Tripscomqpagnie,8550 YW,NL,265c2480-2234-4048-9c0e-54d7c307fd76
4ce0d836-acd8-4053-b2c6-c5e13a412af7,Mehmetstraat 86,Mander,9197 HA,Netherlands,e8dd17ff-fee5-463f-b296-2d39d502c185
4c6f1f21-e44d-4833-81d8-65f497314364,Yaraweg 29,Beek,8401 RT,Netherlands,33755744-a22a-45f9-ab5a-8e04b76a548c
6fa77899-c519-4abf-bd44-8c891d9cffab,Tiesweg 137,Voortthuizen,1552 NU,NL,d82d87e4-4040-4119-8655-114404f896dc
53e1811f-c7be-4fd3-9f74-d4e8b918a130,Johannasingel 43,Grubbenvorst,1868 RZ,NL,17fafba0-9a4e-4610-9c5e-a35b866294bf
dac3baef-36d3-421a-b903-0d18b9ba2c37,Laura Corners 45C,Piretbury,76255,EE,14ab54b4-c114-497f-acee-452fde13865c
21779ccb-0cb4-405d-b58e-6d0787f79b31,Luik Garden 129,East Anneburgh,58498,Estonia,4d1aa07e-aca2-4647-87fa-b649e2631aac
e4a71fa2-331b-4c43-b2f4-1d0fdae54589,Mäesalu Locks 135,Reimanntown,75020 ,EE,c477cdad-05b7-419c-8846-6f9c4563a8eb
85c6bd92-72d8-4cb2-a277-d733fb0de2eb,Kolk Stream 78,West Sirjetown,55098,EE,a2717e89-710e-4f7c-9191-08b063dfcae1
1d442c84-af8d-4685-b2a1-c9166a31bf68,Reet Club 38C,North Tiiuville,20501,EE,6c910628-26c2-4bba-bdd2-071a8a0492d9
2d72c5d5-e598-489b-b65c-d7f826ec7d0a,Aleksandr Knolls 104A,Kisseljovside,33477,EE,8e215cad-70b4-4cad-ab76-e57760fb32f8
a8cd2f22-e295-407c-8968-6f6eedf4ad72,Jelena Rapid 28,West Andrei,67560,Estonia,55a6b1ce-e7a0-4b9d-b769-52875a368197
d107f34f-1ebc-4095-8210-157722b2d4cd,Aino Plains 117,Port Alekseiland,37382,EE,10c2d392-a9db-434c-9322-21e2fcb0959b
c96828ed-de74-4913-94d0-9f8615e349e1,Keanosingel 76,Wijnjeewoude,1022 QH,NL,ee41eb04-f811-4567-a01a-55d602cb637d
42b9bf29-dccb-417b-b7f6-b2e8e5492202,Vincebaan 98C,2e Exloërmond,6794 GH,NL,52863cd3-658d-418f-95ee-9dd716d9b315
c9528217-28d2-4f00-a183-4374d99f7ae8,Simonring 120,Krewerd,4410 NO,NL,40f2bed7-6afb-4c2b-bb80-d1c3b4adfc26
8e4a9675-e57e-4fc5-bcf7-a057cc3cd281,Pepijnsteeg 115,Beerze,2439 GU,NL,cc401018-6b3c-486a-8774-53988af57b7a
21448212-3d7c-4371-8992-ff3c9f9e0d81,Saarsteeg 12,Hoofddorp,5788 LP,Netherlands,ea0d57eb-4b8c-4413-8556-eaef6e48ba72
2731284d-2b3d-4672-beb4-aa095e0d75cd,Tijnring 65,Boerakker,1371WB,NL,485469ec-46dd-46c1-ba14-3f637f33d5b1
4aef920c-0b51-4f55-9f0c-70f694349f19,Milanpad 127,Udenhout,8151 AR,Netherlands,a75a7cfe-d10a-4fe7-96f9-9be1aefe132b
14094458-d343-496b-a560-b57bc496fc1a,Laureen-Nowak-Weg 135,Schwechat,3793,Austria,b9452195-d03c-4606-8b7f-c1618c1d76b2
e26bef13-2894-473b-951a-55c869bc4c90,Melisa-Werner-Straße 111,Trieben,3252,Austria,01f33f11-e544-45d5-9df5-f725d31b6f93
cfb111d2-b9fa-4e29-9986-46c7d6421a1f,John-Varga-Straße 113,Völkermarkt,7251,AT,5df270d2-55ff-4f22-a0e7-b30f114d1ad3
bf0a4b12-567a-426c-b097-7edf79a34018,Mark-Rossmann-Ring 140A,Althofen,2500,AT,e1c7087e-5a46-4d02-b117-3924b70918e8
50a1b6b7-c8f1-40f2-8c0b-bd8f56215977,Levi-Schweiger-Weg 114B,Ebenfurth,8571,AT,c3d2e249-a0b3-430f-8a23-12e869c458e7
771d1f6e-c652-42cf-b265-ebaddd7760fb,Kalteneggerring 37B,Sankt Valentin,2330,AT,9e730261-181a-40c0-b9e5-399e55a0fcb3
1d51ca1e-7f06-4009-a469-7b93bac1b12d,Maurerstraße 58,Drosendorf-Zissersdorf 1,2067 ,AT,9a1c1c26-46bc-4d80-993d-c4eb93cf3e68
f3995c6d-b4dd-4f0e-87ae-12b1743cdb2d,Stögergasse 56,Biscchofshofen,8418,AT,9f6622e9-d6b2-41e3-a27b-f978777f4a56
c8398d65-97c5-4d65-8a8c-0f90ff8a0ac7,Ellergasse 123,Wieselburg,2431 ,AT,b5f5cf3e-3ae7-4934-88ee-fc0581b02aef
93033699-9505-4f2d-8645-af17f45c6ce6,Kernring 18,Wiener Neustdt,1976,AT,69cc71a2-9589-4ff6-844b-542e3ea2068a
1bc546d4-684e-4a92-a19c-bdd00243f71c,Handlstr. 98,Mank,1500,Austria,1495d728-ce68-45d4-9427-a7e3d7c9fbca
63e4016b-7140-4b6a-9695-290e2dc27f48,Arda-Haindl-Ring 86,Hartberg,4189 ,AT,1222512c-05f4-4847-8e02-ddeafdc9dcb2
96ad83b6-33d1-4345-a1f6-8f172d824fc1,Laureen-Heindl-Gasse 109C,Wolfsberg,8575,AT,1067b9cd-0dac-47b3-a876-8dbbcf923e49
25b558b4-f2c8-47e0-9a31-05e6ff283556,Leopold-Krainer-Platz 29C,Innsbruck,2915,AT,6368a611-1cd3-47c9-b2c6-e2e23bf497b2
ba871611-6d7f-452f-bf2b-a3cc15a18173,Isabella-Trinkl-Platz 135A,Mautern an der Donau,9776,AT,c0fef09a-cd63-497e-994d-ecd0a83baf04
ab6579f5-a4a7-4f21-883b-3c82290ba5d1,Winterstr. 10C,Gmunden,5878,AT,7fc071bd-346d-4398-b144-088aadf8dbc8
7e710a8e-5cd8-4c5a-b374-64d6695a9e9d,Aichingerweg 17B,Wilhelmsburg,9737,AT,d15417a8-ee61-457c-b8f6-30953df2a81b
c8365c58-8bfe-4411-a53f-b5a397a72864,Stecherstraße 1,Radenthein,3684 ,AT,9ce2b312-92f9-4c4d-b726-451d8626d37d
aa240e58-74c6-4b9e-9086-27cb6363890b,Kainzring 49,Bad Vöslau,8890 ,AT,5bc700fd-3e7a-48ac-98fd-da4de2d42608
b1010feb-971b-4976-8150-53d0c1fa9b21,Pendlring 71C,Leibnitz,5161,AT,c62dd64a-97fb-434b-8a9c-48fc53987758
65dc3f38-0553-4b45-a28a-4173190c8563,Sokolov Turnpike 148,MÃ¤gihcester,53090,EE,04496aef-90a2-4b0e-a7ef-99565684a380
3a4d2338-2504-471e-8774-d130d1fc26c4,Tatiana Viaduct 72,Lake Dianastad,99041 ,EE,b9c48dc8-44cf-472e-b7b2-185d17f78ef2
4d34a09b-0a38-4f7a-9777-42a27fc2ce78,Kuningas Pike 147,South Marina,83491,EE,c2ce6c9b-7e9a-4d18-a27c-bc27bb7f99c0
0f0265fc-aef9-4635-8b3c-e78257bdfc9b,Maria Stream 106C,Vladimirville,84750,EE,2a72895f-890c-4685-a609-c17f13641b28
1d054473-1a83-4107-9df4-8d9ec549c468,Tiina Brooks 18C,Gontšarovburgh,53738,EE,a816e6c7-8975-4e81-b947-c92f7f079d7d
5aa59ca3-f561-4764-8294-654765296d7f,Tamme Port 139,Viktoriashire,33402,Estonia,020da7e7-aef3-4182-bc42-940cb81a840c
34a44151-6a43-4b68-a839-357a472a09f8,Suvi Springs 104,New  Valentina,32408,EE,e7c1b6a8-bc65-4fdb-a7f8-927724101196
5f01cdf8-8bb0-4983-8080-a65ae09c7974,Maksim Crest 99,Elenaville,91331,EE,079b6afb-cce4-4ca7-9043-c53ae6739bcf
0b2c5c24-39d6-4eb9-a797-88263cbc7bc9,Nurk Forges 31,Remmelview,87595 ,EE,e1986337-2223-4c1d-a76d-fcb408d9bbb6
7e0f87a2-999d-4d70-87ba-d6828147e0e3,Matheo-Aschauer-Platz 119,Schrems,6626,AT,4ad874e8-2faf-42d4-a728-806cd70b0671
6c49fddf-615f-4a10-b5da-ce339545ff79,Selena-Rohrer-Gasse 137,Kindberg,3707 ,AT,59eba97d-3e95-4ee8-b8e5-d3fe9826688f
50e6fac5-b491-4361-8c9d-a09ec0ff182b,Voglerstr. 135,Ba dHall,9626,AT,cf671bcf-aebb-492a-984c-1484a8ef6278
9e654521-fdd8-4f40-b23d-0a44af344ba5,Weissplatz 30,Oberpullendorf,5724 ,AT,fe00e4e7-2ae4-4aaa-aea6-d7bfcac57b0a
64e56b18-a6c9-45fa-a160-15bd24ab7b3b,Aleksandra-Friedrich-Straße 11,Zistersdorf,8052 ,AT,733a839a-a6a1-43b5-9ecc-23a0cc0c9853
f16ce024-542f-466e-8813-2a2f33d1f68d,Henrik-Reinprecht-Straße 8,Purkersdorf,1916,AT,2d58cc88-a9ac-4915-bee9-db39b0343d89
66899968-dd43-45b9-b81c-c2cf08f8692b,Schiestlweg 58,Bärnbach,1478,AT,053fdce6-f7c7-4ec0-892b-b17953fad41f
7447e3df-2f09-4f7d-ade5-c873d77c0e68,Jaan Lights 107,Nort hMarekbury,94678,EE,057ed87b-71d7-4c55-85b5-d451cdf3b232
1dc1f718-edca-4673-ace1-222086a927b8,Tiina Fork 142,North Kristjan,19198 ,EE,3ed2b25d-c4cd-4891-9e4f-55e56cf20ece
1be62aa5-8ce4-42ab-9882-bbf607c61abe,Reet Port 145,Kristiinabugrh,43198,EE,6b1190ef-e8cf-4812-ac57-53187ba55437
06068aae-e6ec-493c-8ba3-e45663fc55f3,Laura Lodge 8,Lake Annelistad,34954,EE,95b57021-ff74-4ba7-9ad9-ec63ba64fb01
3dd587f3-58f2-4050-afd8-c14c61a3c922,Tamara Trafficway 105,Eveshire,98391,EE,2e576628-61ff-4114-932c-80e82d2ad083
7c26de99-9326-44e5-81be-c67a224073e0,FritschstraÃe 10A,Bad Hall,7287,AT,7b23d692-e0e3-4a85-8a01-1217b7f7b36b
b6899f37-4bf5-44db-91c0-b00bba3a51d1,Marie-Jung-Ring 148,Gmunden,3043,AT,ec5a35f4-9cc6-4c68-be2d-31cf09525f64
4c341150-0343-4150-9fdc-6330b04a2a3a,Fitzstraße 14,Landeck,2308 ,AT,36f185c0-9e7e-4fa3-8afe-4d5f0f82e007
80ae7ed0-92cb-4d0c-ad58-f1ef3684ceb4,Jasmine-Puntigam-Platz 74,Mattersburg,3850,AT,1a874912-066d-4941-9f7d-c765031c8276
c3f95796-18b9-4897-82ab-c23e7c1a0c86,Lisa-Wöhrer-Straße 147,Stadtschlaining,9765,Austria,cb269dc7-d941-4a69-ac76-2f0c1c611bd7
fcc11e12-4a20-41bc-a1eb-fcce3a3ffeb0,Emmapad 48,Pietersbeirum,2476 JN,NL,a54643b7-71b1-4f59-b268-495d0f2cd3b3
0f0cb43d-14bb-423f-b724-d12e8607fe94,Evelienpad 133,Tienray,9511 QK,Netherlands,7586fe0d-7973-414c-9f73-b8445afc9598
46475c93-0b48-411b-a1f9-fa83d8d921c1,Martsingel 139,Wehl,3890 QA,NL,3d05e7c4-49b0-4f3a-a4b4-1b9f68986032
d211bbe2-dca9-4c65-b73a-1787c050b79b,Jeltesingel 32,Barendrecht,9916 ZQ,Netherlands,55ccfce4-579c-4e67-a446-26e400650544
5bf72c7e-f7cb-45c9-ae58-ed7e02b36c8b,Jurrering 133,Reeuwijk,9251 OB,Netherlands,05283e90-fd21-4213-b911-36d16b49d6af
e74355bb-840c-40ca-8b77-ac5eff515b03,Sebastiaanhof 142,Uithoorn,9783 DD,Netherlands,2f03a58d-844b-41fe-8f52-ced5d70fc316
d44363c7-e076-4364-9ee7-0f07f3674aba,Amirabaan 48,Basse,5137 CW,Netherlands,8a8c150c-c290-461f-9616-b10d03889405
b849a878-5607-45cd-ad2c-fd1587da979a,Igor-Grüner-Weg 111,Traun,9775,AT,2cb4fe96-e989-42c9-be2b-668237b1b3c4
8cf4f00f-bff7-4f7f-adf0-c50b6f6a9b47,Scharfstr. 101C,Raabs an der Thaya,9317,AT,51176e9b-5fa7-4396-b671-6ac7f78641eb
01cb815d-f0f3-4149-a88a-7317c66f363f,Alexandra-Hartl-Ring 8,Wieselbug,8804,AT,fd8890c4-1e59-42d9-b540-bbdd3421a505
ef28a210-d191-4d63-8b14-b6444ce9909c,Milo-Jauk-Ring 63,Purbach am Neusiedler See,2252 ,AT,e6f87c17-d62c-4c21-95f1-c7f3acb3e64b
bc1fb4be-4f64-4d6b-a7d0-0a95f4b37630,Larissa-Eberharter-Ring 62B,Bruck an der Leitha,3820,AT,68cce369-339b-4ce8-8bb3-66b225a3fcce
da14b5d6-1304-4fc7-93c7-06fa68de151e,Richard-Dorner-Weg 104,Schrems,5265 ,AT,78aa08cd-9063-445b-a3c8-393eaca3decf
66869d60-e719-4b32-a6e8-e9c6fd096d12,Richard-Gamsjäger-Weg 134,Mariazell,5458,Austria,9dc701aa-ccd3-4640-987f-8fab8eeec716
5e2edcc5-ebfb-4233-bd5b-fa7c1b548edd,Rothstr. 97C,Zistersdorf,7590,AT,1a1ea45a-bf58-4bbd-b145-3f8d54f71c87
e9e7e635-f507-4b68-9e42-d6d5c9c250d2,Ava-SchÃ¼tz-Gasse 99C,Innsbruck,6940,AT,e19cff3f-dae4-4050-ac65-86314ac61a04
50f375e7-0f91-456f-89bf-ce9c6c196d83,Barbara-Mitterlehner-Gasse 123,Baden,1873,Austria,6c1242b5-7d11-4172-a555-a8cdd85c3dab
5497de65-0f50-4ef8-9d30-f2b977f93881,Lily-Rechberger-Ring 65,Liezen,4309 ,AT,0b31eed4-42d1-4e27-a7d3-c6611f0b3735
18539414-b263-462c-af46-4d84bcdd2362,Hoferplatz 2,Mnak,9672,AT,bdcaca2c-ff1b-47e5-b423-6475e54acd13
54977bea-470b-4fea-9554-44a0f0dea81f,Laureen-Brenner-Ring 121,Wles,5487,AT,72627f2d-94b3-45d8-9505-0eaece3a6647
0b5f8fff-a80d-492e-89c9-22a6936657e2,Reischlstr. 110,Enns,6783,Austria,4a10574e-dda7-43ea-b38d-5f863431d279
0d12471c-1985-47af-a804-07ac02c035c9,Voglring 145C,Mank,3433,AT,6659150a-4287-4640-bb86-058b00ce4721
e6ef1002-ba26-47d0-aebb-2c3e7ece0b5c,Neubacherweg 43B,Schärding,2475,AT,e41e0111-74cf-4b94-8c89-f3182e22365c
cc6dcb4d-8707-4b9a-8aaf-f439b49146d8,Anita-Trattner-StraÃe 85A,Frohnleiten,9094,AT,bc9b5dfd-17c5-42b4-85b0-040231775bb8
a36f8c23-cd37-46d0-89af-9126cc320413,Tiiu Port 116,Kasemaabury,83887 ,EE,48bb1b21-a9df-4569-b0f2-c3c5a9df3519
5b04e173-bc51-457d-a1e7-1b94c9a2ebc7,Rätsep Mill 49,North Kristina,78705,Estonia,d5183bae-8c43-4a5f-b6fb-c4d8269f5a81
841e757c-0cfc-4fe1-aa71-3f2b8813c929,Paju Court 56C,Kozlovborough,21696,EE,40bd6acc-5e30-44c3-9aee-a67f3178d8c2
a7858e45-9fbe-4d0f-a806-c4f9b22ddad3,Nadežda Parkway 139,Õunburgh,72780 ,EE,73522179-16d4-487e-ac18-2c289284cc11
48f2b6b8-988d-4669-b155-2f1b7adf4a21,Jaan River 88C,Alexandermouth,54606,EE,fbb2b573-d757-49e8-96ee-7a6cc271a2b9
b6674cbc-f611-4997-a35a-e68d7ed178cf,Tarassov Mission 81,East Nikolai,80378 ,EE,76634b9f-1306-4567-9b00-6c9cbe2f9e27
65404615-7833-4964-9807-846faadbe453,Nõmmik Views 107,West Triin,45898,Estonia,6049a473-e14a-43ef-8d82-32d2f95968a5
781e3485-83ba-4a4d-99db-62b56b62e8c8,Nadežda Spring 67,Annaviwe,92404,EE,914393c7-a5c6-483d-9223-1b411aba80c6
6b1a0f7d-6734-4e23-9a36-2f7241fefd0d,Buchbergerring 81C,Freistadt,1267,AT,35d327e0-ab36-4a8f-a549-a9b73a30868e
cf205a06-1ad8-467b-977f-09b57eb53a40,Maida-Kocher-StraÃe 11B,Rottenmann,6888,AT,6bca4823-d960-4817-8e38-1030af914c1c
be51c122-e2af-4897-8cce-d52caff1d8da,Verena-Riedmann-Straße 92,Villach,2107,AT,1b67ea42-03c4-4edf-b04c-b53be3a80de7
578d457b-62bc-4c8e-a701-721379a21318,Joshua-Holzmann-Ring 35,Stadtschlaining,3202 ,AT,14d0e757-89e5-47a9-994d-e9498e2fae0e
14b8e8b9-428f-4c7f-a62c-60f3a2fb8b63,Sabine-Burtscher-Gasse 108,Schärding,6152,Austria,b6c3763f-c084-4b5f-beb2-85ef479935f6
8588f17f-4d9b-408b-a9d7-d63de954c916,Salzmannplatz 32,Stockerau,1207 ,AT,7192b7fc-a3cf-4324-b0cf-0b93d6e5586b
d049ba7e-6cca-4334-9ce9-afa0fe9c801c,Luise-Reiter-Ring 102,Obrendorf bei Salzburg,5038,AT,4b040b7a-92e3-4c2d-99a2-881c15a9242b
67516acc-b033-4b64-a712-77a4944cbe26,Waldnergasse 42,Amstetten,8952 ,AT,a8c90d41-57f0-4170-8abd-3291ee2f8d98
6e4ef936-9be4-4bb0-a225-5900c1c6218f,Grünwaldplatz 18,Dürnstein,1474,AT,4827e218-059e-47ba-8c60-8ede0f559ed8
e0779d93-bb0d-49dc-a7aa-f7bd07805d43,Pachlergasse 7,Althofen,6456 ,AT,0cf1a812-7e78-4595-bc62-d6041dc96d0d
6709bf15-8941-449a-9548-58634819eb85,Loiblplatz 8,Schrattenthal,9535 ,AT,344941ee-9247-45e2-81cd-058b531cc2ac
4ead1ae3-7a08-4f48-bacd-29906f712b20,Florentina-Schweitzer-Gasse 39B,Neulengbach,9365,AT,f9969610-34de-4397-aa49-8f26f057252b
571ff151-df90-4503-be4a-14fe09ece7e9,Marvin-Jahn-Straße 111,Fürstenfeld,2510,AT,e89573f3-f273-49f1-af4a-4da53dea39b8
9da364ad-0d34-4a33-baad-140cf72c9d75,Aignergasse 94,Gmunden,9449,AT,728c5b24-41d3-4af3-9448-f5239141441d
aafb7d6d-6c0e-4f96-9043-efc29c4de2c2,Dana-Neumayr-Straße 111,Dürnstein,5667,AT,02a03b46-f8b8-4e14-a7d8-ed18ce4e682f
3e05e32e-43a4-4128-aa73-70a74caaef8f,Timon-Ecker-Ring 43B,Sankt Pölten,2851,AT,481bca1c-84ef-47a9-b8e8-74368e997242
3b905574-99d4-403a-832c-7ef8cde6d90d,Karoline-Horak-Gasse 146C,Pregarten,5773,AT,f05d8006-f3c3-40d8-b9f0-9b0ebf4c490e
da78cb22-d325-4905-b799-0ba920eca481,WÃ¶hrerplatz 23C,Bad Radkersburg,2617,AT,1c24f46f-b56d-482d-b8f0-5971e899330f
43c8ac89-cba6-4835-8bb4-a6cc7643ad85,Frida-Yilmaz-Gasse 127,Trieben,6473,Austria,88cfb3d3-aae2-4553-bea3-550cbd8828da
1af30a18-7b2c-4733-8bfa-f692aae342e0,Klausring 2C,Klagenfurt,4852,AT,2cc293a5-9848-46e7-a9c5-d820f96ab96b
e72c5ada-a4e5-45bd-82ab-5ce7d27eddbd,Wirthstraße 27,Feldkirchen,9505,AT,34505cda-560a-47ee-9808-1af8d75d5644
b4eec2aa-eada-4a21-992d-81e1f4985a8b,Veronika-Himmelbauer-Straße 79,Eggenburg,1653,Austria,6e695b3f-4a17-4d31-934c-cba77dc7b782
377801d4-36d4-4485-a2a0-c82961de9d95,Boris-Ladner-Platz 8,Neunkirchen,3226 ,AT,8325c0be-c326-44d8-9e8b-43117012a5c4
bfe02e14-e240-489f-9483-363672b4ec3a,Pollakplatz 110,Straßburg,8357,Austria,444a8dd4-ed0c-4328-962a-1b9a9df606da
51df3a88-31db-453f-9cc9-3034c714180a,Estelle-Suppan-Platz 79,Ba dLeonfelden,2034,AT,94d06004-4290-41ce-a0c6-c23534edf9c1
f2a411f8-d7d0-4102-9b09-702450e88163,Juliana-Kössler-Ring 18,Frohnleiten,1017,AT,b4c0e1d8-3ef3-4973-b76f-5697228edfbd
d02faf27-4c62-4edc-ac3e-8127a93db792,Wilfingerring 135A,Waidhofen an der Thaya,5432,AT,b0e18a3a-cae2-49d0-b0f7-32f7eb5015f1
347b65f9-6cb3-4412-bfc6-4d608e08912a,Carlijnsteeg 86C,Blesdijke,7031 CH,NL,fdb3242a-8ac6-4689-8d07-3934be8c80f8
4763c14c-1099-4209-98f8-6fc590806bb5,Milanlaan 109B,Broekhuizenvorst,6061 BU,NL,fecce64d-7b3b-4c45-ba36-7d69ff4af608
a18e3ec4-bd2b-40ee-a779-8d1d004220c9,Sennapad 149C,Wieringerwaard,4884 ND,NL,6606a99b-2f90-4d38-afc3-3c2d60c00bd9
bf35a79f-2b31-49ae-b812-d045891968d3,Merelhof 1C,IJsselham,7370 DH,NL,bd9e0f57-3091-4c6c-9cac-6fd8cb875bbd
d9603f82-630c-47a8-8e36-7a4a453cd26c,Fatimasteeg 138,Nieuwe Wetering,7551DV,NL,15038b35-a28e-49e8-abb9-ac7bf62efe5e
c82c63fc-13ce-4977-86cc-a02e3427227f,Azraweg 17,Hekelingen,8055 SW,NL,787c4a51-736d-4f07-8be6-2444e55766e3
f131100d-da41-4d16-a263-0aa0472ab79b,Livsteeg 9,Steeennkamer,7522 PX,NL,d30f35b9-46a0-4155-8f17-6d08f7d97f1c
6d8d2bf9-8fc5-4b6b-aa34-8548ac190f02,Joepboulevard 18,Monster,6397 YM,NL,21a5ac1d-3093-48ed-b7e5-a1ef573ad5d8
adc9e8be-77cd-477f-a3ec-531f2d62e063,Aaliyahdreef 118,Wapse,6493 TX,Netherlands,2b274e9e-3f43-477c-b32f-5dd17cac29bd
0dfac49d-56e2-4327-944b-18f591616900,Joëlboulevard 47,Slijkenburg,9504 AE,NL,f3bca372-cf16-44c7-ad94-4be621f374b3
4adec542-bbbf-45df-9d34-dfaabd39840b,Matilda-Scherzer-Gasse 129,Mariazell,5414,AT,77a80880-df3e-46e1-81e9-43aea0a11c11
f1626475-5922-45ed-ab1a-7a08b04b08b5,Tim-Scholz-Weg 102A,Raabs an der Thaya,5206,AT,32d76e1a-14ee-4c56-886d-57a1d81b5669
5d5e14df-3ad7-4703-a1b4-fb2b43307fbe,Draxlergasse 17B,Mautern an der Donau,4451,AT,d60bf186-1f74-4bce-8bdd-8f5605ef0126
080b820c-bda9-4f85-a854-e57bf8497c43,Tiffany-Wimmer-Weg 50C,Mürzzuschlag,8603,AT,5cec4a02-53fd-4a5f-997e-2f9b5f67b370
ab7286bf-3bcd-4541-8ffc-51d62d74a0fc,Erhartgasse 8B,Dornbirn,6636,AT,bd9cca38-91d1-42be-81be-300b221ee6a7
fad9c524-5e7a-474a-908e-ab13b96046ae,Erhartstraße 85,Waidhofen an der Thaya,2791,AT,b6371a3f-9187-4458-930d-14f22e9db14b
20e427db-d930-47ea-87aa-2516e0fe6ed7,Hofstätterring 12,Mrchtrenk,4437,AT,e5edb852-dc92-45bb-9747-f8d5b12460bf
cc53a654-cb35-4218-b9f0-48d39e27c0fa,Adamweg 34B,Mistelbach an der Zaya,1305,AT,ca49ae99-2ae8-40c9-b876-5eb8a4b5ca20
e18eae6c-e46e-488a-aa81-2adff85cd223,Doblerplatz 23A,Leibnitz,7672,AT,df84a355-c8bf-4545-bc82-742d88fa1ed3
6147ec75-b20b-454d-a266-7e99ba6e6ba6,Schützstraße 103,Oberwälz,7370 ,AT,11b5d536-2321-4a85-9849-fcbd023dfe46
7c79cff2-000e-4d89-91f5-09c766195355,Kondratjev Pike 122,East Siimland,23309,Estonia,91d1a6f6-7717-4078-ae2c-0209d9f14192
503219f6-5462-418b-bc3f-6f354c709c92,Jekaterina Lake 44,North Tiinahaven,82365,EE,1291b3fc-32b3-4a9c-ba43-e1e46bb35fd3
32e6e4e3-9d5c-41aa-8e6f-093b5bb9f1bb,Urb Point 70,East Snder,51250,EE,bd6b7cee-dee6-4f3b-9684-cf8c2e64e432
0f50c275-816f-4ed6-9f0c-d73ed4930f9b,Mihkel Well 135,East Valentinaside,86682 ,EE,29c12932-3fd6-49ba-bb9e-b015c88898f0
d6212ff7-33de-498f-9b3b-d52922769cf1,Toots Ridges 101,Sergejevmouth,87483 ,EE,85750ce1-8f1d-4314-8ffc-70a43152c5dc
35f68c0d-31ba-43c6-b7d3-7d2a68337aa7,Novikov Place 120,Tuulikstad,28046 ,EE,d8a8120f-9eff-4cb4-9f31-ecf36a0e3fb7
321c81ba-9028-46d8-b059-1f1815ddae4b,Indrek Stream 2,North Aivarstad,78822 ,EE,fac70867-a9c0-4de2-b022-8297ab442714
6f2333f8-1510-4b15-91b2-dd59f9260ba0,Aasa Land 144,Lake Triin,47768,EE,9a0500d0-a29d-44c0-98a6-00384d94fd8e
f7b6a51b-f186-4beb-aac5-22c376bea474,Aivar Street 42,Lake Tõnushire,94797 ,EE,04d38080-941a-4fb0-b84f-c00353b7c18d
843bc12f-6d97-48cb-880f-51af637c682d,Diana Island 107,Jaanusborough,52268,EE,1e73bbc2-9c9d-4a1e-b385-cc03177a776f
152052d3-0f5e-4f03-873f-8facb3476b27,Anne Manor 145,EastA lexanderhaven,35134,EE,5a0f870b-de42-497f-9a8d-f5c75e3b8278
648841f7-ee23-4d47-b3d8-537aa7e44cbc,Kiil Parks 137,Vikttormouth,49275,EE,1377dc4a-4aea-465b-acb0-4a442c040f51
c385738c-7c5a-45a7-ad5f-3ad05913e8f3,Valentina Stravenue 16,Tiitside,89287 ,EE,63a1913b-b2f7-4b34-bd52-07a9500dfc15
2d3ee5f4-267c-439a-952d-24b3bb8d0f71,Kadri Island 34,Jevgeifort,84956,EE,a5acf1da-2eee-4c46-b558-1ebb398a0e87
2428353b-56f7-4592-a4ba-0907de9a4b32,Rand Point 116A,East Tiiuton,54724,EE,63cb5ee0-a457-4975-9455-4d76109bc754
d14a6bcc-feae-49cc-935c-a86d6b40ca42,Aleksandr Pines 41,Soouth Meelis,74495,EE,e9b33269-bd4c-47dc-9c8f-43e5c5b24dc7
aabb88b4-5948-4e98-a1c7-0369c5ec544d,Pukk Mission 3,Triinfurt,51891,Estonia,bd0cda09-0cb3-4bbf-af8c-b8a91754d025
f9370f62-f237-405e-8155-f285ac445c43,Raag Stream 119,Port Antsmouth,69810 ,EE,d9f1b249-8bf4-4ccb-9382-ed7813751d5b
