identifier,text,city,postalCode,country
c8a70639-eb11-47b3-a7a9-c3787c65c1e5,Lukassteeg 112,Oud Zuilen,9903 YN,NL
ab0c1681-c8f8-43d0-9329-0a4cb5d32b16,Dirkring 8,Vredepeel,9039 IB,NL
307bf326-2f12-4554-8a53-08cc3dfabc08,Lena-Jost-Weg 17,Neumarkt am Wallersee,3456,AT
a25b59fd-92e8-4269-912e-cbc40b9475b1,Naomihof 89,Rotterdam-Albrandswaard,8887 BD,NL
b306d700-19d5-4970-98b3-3c6e0a14b90a,Nikolai Mountain 58,Matiburgh,23466,EE
971c702d-5bf4-4c04-ac64-2b4c49b25ded,Kuusk Ridge 61,Dmitribury,60882,EE
fa83ada4-a212-4ac5-b689-a4a5ffda0336,Jonassteeg 49,Stavoren,8480 BZ,NL
4745dd9e-2789-4389-9f32-77fd1d77ce40,Stefanie-Suppan-Ring 82,Hainburg an der Donau,3895,AT
ef0a81ed-3d5d-40bc-bb03-78eb7a62722e,Kristiina Crescent 104,Mallefurt,98779,EE
42cb6d1d-ffc5-43d5-bd0b-a70e385af463,Maja-Denk-Ring 38,Pregarten,5845,AT
ab899605-a293-4b3b-bfa7-4d8aff88ec82,Merlesingel 85,Vredenheim,3398 PV,NL
61d9fe39-8147-48f4-9f0e-f320f7f60e7f,Marko-Wenger-Straße 100,Krems an der Donau,4351,AT
7de8a234-2412-479d-aaf9-44e07b38785b,Bogdanov Camp 47,West Urmas,50256,EE
5b471c43-7499-428c-b0c3-2323c1b199c4,Lerchring 33,Bad Leonfelden,8491,AT
078548d7-b118-4d23-9bf8-06761f12a0e9,Pimboulevard 22,Molkwerum,1966 XI,NL
88819f42-1a42-4629-94af-e646fe3216bd,Joeystraat 115,Streefkerk,5259 JJ,NL
02284fd9-689b-4a65-a05d-d4d60ecfb95b,Floorsteeg 6,Castricum,5633 HO,NL
9e65736c-72f7-44b1-b2f1-1ef9d4864482,Mehmetbaan 96,Cothen,1818 PY,NL
889c8ae2-4e3c-4f2d-8332-559dcad00273,Ismail-Berger-Gasse 44,Waidhofen an der Ybbs,4373,AT
f55b2e5c-a6ed-4ac0-be22-e1b751783032,Schindlerstr. 143,Pinkafeld,6913,AT
862f78e1-25c2-4b6a-b575-bc6eeee84bcb,Jakesingel 30,Ginnum,1781 KN,NL
aa66b464-8420-48d9-b261-d0d2a1c2d9bf,Lorenzgasse 13,Leibnitz,4705,AT
4053b188-339d-48f5-9658-b1b33012ae1c,Olga Key 140,East Mareland,15478,EE
1b770deb-6f51-4a78-bea2-a33a51d11bcd,Vlassov Knoll 27,Karroberg,14319,EE
2bdfb727-9501-4917-896d-c27b7af2f402,Mare Road 99,New Kristjanmouth,33168,EE
7ea496f5-e10b-4aad-a92d-6b0529bccee9,Corneliaweg 80,Sloten,6033 JA,NL
f20e8bda-39cc-4d88-832f-594d0b82b61c,Aydenhof 15,Noorbeek,9554 AP,NL
d216ad53-d408-4ff7-9713-30613cc4f772,Anna Isle 89,New Tarmo,17329,EE
8cea309b-49c9-4aa5-a689-e5e887c47eb8,Aminlaan 11,Lageland,1175 ZP,NL
d1f0c570-bf55-45ce-98a1-a54654a6087c,Jaydendreef 19,Naarden,5731 ZH,NL
81011c5b-f110-497a-9c2c-7a3494665d45,Fernando-Sagmeister-Platz 66,Rohrbach in Oberösterreich,4951,AT
b6bca2a2-be79-4965-bc9a-923672bbe7b3,Madeleine-Dallinger-Weg 32,Hartberg,9887,AT
dd6d47e4-90e0-472f-94dc-01bc0aa56583,Neumüllerplatz 79,Marchtrenk,8126,AT
425de95f-c846-4f90-80fe-6898b56b9357,Kainzweg 79,Gföhl,1499,AT
04ea581d-2006-4c1c-bbd7-43b32ebed37d,Laura Brooks 63,Sirjeville,65494,EE
dcb32e4a-891d-4a7b-8d3d-c6aadba45b5e,Mark Common 52,West Mihhailside,51996,EE
5d005716-7680-491b-abb6-204ee0db22d3,Kase Estates 46,Galinabury,66014,EE
a53011a2-3d74-49ee-a514-1471ea951570,Laks Fork 4,South Matibury,15247,EE
5b8d11ba-a0ec-4e5a-a487-8d19586d7f41,Sophiapad 54,Leveroy,9788 YQ,NL
2367ad9e-8dcd-4d64-b9e8-e4ee8b7f6d7a,Lizering 90,Bruinehaar,1221 UW,NL
b4577bf7-a251-40a8-9870-c707955fbc33,Jakebaan 129,Ravenswoud,5269 ND,NL
fe656bef-e0ef-4989-aab4-65e9d97d2b38,Ayoubweg 48,Budel-Schoot,3709 YQ,NL
9bde299d-da28-4b7a-8d6d-99a628d798b4,Brittpad 146,Stoutenburg Noord,7656 IF,NL
015128db-af8c-46a9-98f7-e499df61c534,Wiednerring 118,Sankt Valentin,5859,AT
3e581dd5-eed1-4368-9811-6722277dfc7b,Gielsingel 118,Leuth,5744 DP,NL
cc16014a-2e4a-4e78-9cf4-a8ed2db6de21,Annabelle-Grundner-Ring 147,Mattighofen,3280,AT
1a6f0c9a-f1f7-490f-8070-9bd41790a6b7,Roman Path 42,Tatjanamouth,65515,EE
72323dc9-c677-41b2-83a3-1607f5652d00,Chloéring 101,Readtsjerk,1628 AO,NL
d46e34aa-ae9d-4797-8284-e0bee33e270a,Blumring 121,Freistadt,7974,AT
705bacc2-640c-420c-b02a-5b67b7ae7758,Peterring 135,Frauenkirchen,5248,AT
0723b796-dd95-49fc-b7cd-0b759d263e76,Lisannehof 24,Meerstad,6637 CX,NL
1dd95d4c-0637-4dca-9f46-30adbaaa6300,Muhammedring 21,Boornbergum,2522 QP,NL
196d362d-fec2-4805-beea-c13d581332c2,Nielsdreef 141,Udenhout,4349 AU,NL
773a13fb-3750-4d77-b367-2754da2e6e6c,Zarasteeg 44,Gassel,2348 IX,NL
6fdc5e00-a0d9-4a58-bdb4-cb814bebcf4f,Nathandreef 148,Ransdaal,3933 DC,NL
3b239fd8-0d20-4686-854d-f9b62b66b1c0,Svenpad 103,Waspik,7865 PO,NL
4d03cbdd-cc86-4dea-b8a7-ac5426b1caba,Joshuahof 146,Gemonde,6808 WQ,NL
02fbad7c-8866-4aba-9601-8cc6db160641,Emirdreef 118,Oud Ootmarsum,4774 RQ,NL
5ba48aa0-aab6-441b-99e8-484c25d203e3,Alistraat 98,Eindhoven,6306 TU,NL
2adb6a67-83ad-4758-83e1-592e3765002d,Jonasring 30,Lutten,6977 VY,NL
054961d6-0438-43d4-a81b-3fe3fda48455,Alexweg 97,Obbicht,1321 TZ,NL
3a0879fb-dc78-43b3-a919-b5aaf0c99bea,Elizabethweg 115,Uitdam,9493 VE,NL
9b83a437-28b7-405b-abc2-ded76bd8e65f,Evisingel 24,Diepenheim,9816 QI,NL
a4d6ce54-645c-4176-b3f1-75d015c7a820,Reschplatz 120,Bad Aussee,6316,AT
48df480e-a3b4-4529-82a0-07fce04ee43c,Tamara-Staudinger-Gasse 3,Traun,1666,AT
6250e9f9-08d1-4e63-a7e8-aeae24a703e3,Frankgasse 140,Radenthein,2559,AT
2e0885fc-5da2-4c06-b146-b0800a2cf6a9,Damian-Pirker-Ring 27,Rattenberg,4560,AT
3d992624-4b93-48d9-a188-0ea05e5ecd0a,Krammerplatz 138,Radstadt,8044,AT
8301c5b9-45ff-436b-a3c2-523d4b32bc86,Zeilerplatz 131,Saalfelden am Steinernen Meer,9433,AT
bba12642-f4a8-4cd3-94b7-e75b835875c3,Selena-Augustin-Weg 133,Traiskirchen,7756,AT
204e6817-ad98-4a08-bad0-6668a892d63b,Aron-Kirchmair-Weg 30,Fürstenfeld,8174,AT
96b09e29-89e4-49df-9a45-a71745ac1564,Josef-Kessler-Straße 25,Waidhofen an der Ybbs,3054,AT
8a849529-b662-47ed-b5b8-5fb3c5b0b3c8,Charlottedreef 14,Oudenhoorn,7484 XX,NL
3103d904-1742-4bd0-bde5-b4a337ef373e,Ayahof 115,Oostwoud,8582 NC,NL
a622053d-d5ff-4894-86ac-32019ab1874e,Wesleyboulevard 102,Aalsmeerderbrug,1439 EH,NL
a6a99aab-6c81-4d57-b283-5bff857d114b,Jortlaan 80,Brucht,7896 LZ,NL
5dde2c6a-aeb5-4644-95d5-1b4992a97177,Michasingel 31,Weidum,8143 NF,NL
c361570d-d925-4baa-a783-3e60f8b2ca91,Nisaweg 143,Akersloot,3924 HE,NL
3f739143-24dc-4a5a-b888-cb6597b19d4f,Vladimir Corners 103,Tamarabury,65807,EE
32a59e37-41d1-440b-b53c-902262885f8c,Grigoriev Villages 96,East Aino,81308,EE
62e1b434-b367-4f54-9bd6-1b32865fd3ce,Aivar Unions 84,New Merikeberg,81379,EE
8b763f63-4ffe-4196-b52d-6f27b98713be,Ants Isle 27,Aderville,58894,EE
8f4b9bf7-8132-41c9-9836-9a99a5276546,Kasemets Mountain 115,Kalmview,72436,EE
f4159113-cac4-49e6-b78d-028ce45e95b9,Natalja Loop 110,Piretberg,32109,EE
c816c4aa-6187-41e8-a99a-723fa4b2f62c,Maie Light 140,Andreston,99001,EE
e412eb0b-d260-430d-aedc-5fdd27ef0967,Sergey Junction 11,Jelenafurt,95082,EE
4b3099ec-d436-4172-b60b-7264a69cfd32,Andrei Track 83,Ljubovmouth,83537,EE
6ece0443-7cbb-4bcc-af38-123719a0f532,Ivan View 91,North Toomasland,80831,EE
020aca12-055d-4ed4-9fa7-cb00816241bd,Vähi Knoll 129,Titovstad,81654,EE
897e7d87-6bcf-4a76-81d8-f799f76077bb,Maria Bypass 14,Aleksandramouth,18889,EE
97d8c97d-731b-4cf9-a881-692c8bf72e12,Mihhail Wells 88,North Svetlana,76543,EE
76cf14a2-7d90-41f8-aca1-c7a8ba71d935,Koval Plain 105,Kilkhaven,17180,EE
11124406-6e30-41ba-8ed0-081835d2cfcb,Sander Knolls 128,Orasburgh,46043,EE
902a94ca-22a8-4558-9028-ad8677698480,Dmitri Road 150,Erikshire,15190,EE
a0c9293a-6c90-4b5d-830f-e1c334a7e4d1,Martin Valleys 59,Uibofurt,93942,EE
006287fa-dd33-4a90-8317-310ddb2101c5,Koort Isle 72,North Marekmouth,55862,EE
2cb16080-a06d-4653-9674-94dfc399daf6,Romanov Grove 143,Marikaburgh,84936,EE
f963aee1-96f9-4129-97ed-b96bdc413314,Indysingel 58,Eibergen,3394 GH,NL
8506b30c-2513-4e03-be8f-ed3dfde60dd4,Koenpad 143,Oosterwolde Gld,1006 NK,NL
72280d9a-e2cd-4130-81e1-dd8c91a7859b,Esilahof 80,Rijpwetering,3820 GM,NL
6db6cc9a-6735-4356-8c7c-9c38c0b2ae8b,Milasingel 140,Lemiers,4454 WA,NL
2328d866-975e-4ac2-b08d-f7c1e20fed4b,Lotboulevard 90,Barneveld,8797 WX,NL
531d07a1-ad26-4be4-8adf-4be2468f6365,Siennalaan 144,Haren Gn,9880 WE,NL
754c97c0-f19e-4ea9-86ad-61718f72b28c,Zoeyboulevard 75,Blije,3804 LK,NL
4c786b1e-06d3-41c5-8eb8-85eb6a02bac1,Rosaliedreef 66,Sibculo,2006 AT,NL
09d31730-f2ef-4d45-b86f-1d33bfe19e5a,Tijssteeg 20,Nagele,9602 IL,NL
140d016e-6966-4373-a3ec-a19aed3696ce,Mayadreef 18,Giethmen,1073 MA,NL
267ce9c1-166f-4a8f-9162-7297fdf3aece,Pohlweg 149,Retz,7589,AT
d00fb068-4b3d-4b2a-b70b-d8a791fd7815,Haringstraße 129,Althofen,6438,AT
327bb556-9162-43b7-af1d-4b70ba5a29ff,Ricardo-Karner-Straße 134,Pulkau,8696,AT
1d2152f4-51b3-46f6-8736-65614da72eb9,Mateo-Wiesinger-Platz 150,Saalfelden am Steinernen Meer,9077,AT
405e342d-fbe3-4bf9-88f1-559e1f265d01,Pascal-Scherr-Straße 105,Groß-Gerungs,1573,AT
76ad2cfc-23f4-4e14-bc8b-a273caa7b1c8,Wirthgasse 112,Hallein,2760,AT
e31b328e-3a32-4205-9e26-b29d8615ad73,Eduard-Kröll-Straße 117,Saalfelden am Steinernen Meer,2100,AT
a246b856-0a94-491e-b572-45f917323565,Wildstr. 131,Imst,6320,AT
e9edc59c-a80a-4200-8cfc-be4620025f82,Anne Village 43,West Aleksandrchester,48976,EE
3b6b8130-f687-4f7a-b683-4a01bdb5ff1d,Julia Curve 130,Tamarafort,23052,EE
b235872f-f682-43bd-8174-dc65f9646b27,Ojaste Squares 73,Valentinaville,54509,EE
7a0cd3b5-e85c-4c1b-b265-00149a7945cf,Valeri Locks 62,Ülleview,23295,EE
e2238f55-48e4-42fd-b89e-d0ff2c8cb3fc,Raadik Junctions 149,Malleton,74483,EE
8fdd2315-6676-44ce-bcea-20e0c497449d,Gontšarov Square 87,Jaanusburgh,13617,EE
43305aa1-725b-40ca-ae00-1a756efa9a18,Müür Park 70,Enebury,42767,EE
fc7eaebb-1616-4a2f-97a4-7b995e0a3abd,Sisask Trail 32,East Riinatown,14532,EE
44a07ecb-5fb2-4686-8bee-3f1d5fc97072,Leutgebgasse 52,Frohnleiten,6978,AT
673ce1e6-fb95-40e0-acd8-88239993bdd7,Urbanstraße 40,Stockerau,5115,AT
e90a2364-3a03-473e-bb9b-df46f5930c38,Reischlstraße 147,Amstetten,4079,AT
d4e3fd71-e861-43fd-bca1-248409aaae6d,Rosa-Sorger-Straße 113,Gföhl,3287,AT
514f652f-cb71-4e2f-bbe1-4cbd9b7f3e1b,Calvin-Kasper-Straße 82,Dürnstein,5921,AT
eb63d7ef-1540-454d-a644-d4f4e0985dd3,Fleischmanngasse 46,Köflach,3777,AT
19f8b828-a40a-4ab8-aea4-e39843f26ed2,Elyas-Pieber-Gasse 28,Schrattenthal,5531,AT
a63a98d1-f116-4fa5-b3ad-f6e2736243ad,Emirsingel 137,De Veenhoop,7541 KF,NL
0640151e-509d-4fdf-944e-13df4a12d0df,Sennhof 76,Aalsum,5340 JO,NL
d592d2ca-1926-4a1b-a161-960086983739,Novaweg 114,Driel,8196 TW,NL
ff893bcf-c3e3-487b-9fae-c0ab3a70f605,Chrishof 66,Hoornsterzwaag,1377 EM,NL
ecba187c-570a-4533-bcc3-12ae80678ee3,Ninasteeg 42,Wassenaar,5083 HC,NL
70a3eddd-79fb-4bcd-b382-650595d570e1,Sebastiaanboulevard 91,Kalenberg,7030 IQ,NL
2a08214c-3c91-41d0-8f28-b6f3fc788700,Victoriastraat 4,Alde Leie,5142 CB,NL
dd0d8085-fa84-479f-9774-80db5ab3f451,Anoukring 17,Giethoorn,6780 BF,NL
ccde7b53-f511-4f71-b4d9-380be321095e,Renskeboulevard 33,Blitterswijck,3167 KV,NL
54bd103a-864b-4c2a-876d-d8a4483b995a,Marastraat 56,Onderdendam,2234 ZI,NL
688df8af-2f42-4b58-bc1e-8fbb61c2dec4,Mira-Ullmann-Platz 92,Bludenz,7273,AT
0acb56bb-00d2-470b-8b5c-31ed72bbccfc,Domenica-Trimmel-Platz 49,Bad Leonfelden,8989,AT
6559f2d5-3b52-4373-bebd-75551410d483,Handlgasse 8,Gallneukirchen,9981,AT
db9098ea-116c-4881-80c0-8143c5a428c6,Schönauergasse 55,Klagenfurt,8702,AT
7e39fd94-f850-4bec-a7f5-794c007ea2cb,Steigerstr. 106,Waidhofen an der Thaya,4707,AT
0bded216-0863-4195-a960-a9f6b395bc69,Leibetsedergasse 142,Leibnitz,4245,AT
a3167929-0e61-4684-a5a6-1f880c461b54,Ferdinand-Wiedner-Weg 30,Tulln an der Donau,6095,AT
a8cb2f6e-ee5e-456e-859e-3dc990c31d60,Pfeffergasse 107,Bad Vöslau,9594,AT
01d04d0f-e5bc-460f-9e22-aff647a1d7c7,Lorena-Huemer-Ring 48,Baden,9099,AT
63985173-50cb-48ae-9b53-d85fbaaa418b,Sergejev Rue 15,Ljudmilatown,53481,EE
68c316e6-23ba-49a9-b6c6-bf55a9b932bc,Raid Dam 132,Martinburgh,30053,EE
e53ae519-8cb0-45ac-ab9e-37926efeb18f,Urmas Shores 12,West Galinachester,77133,EE
ee220a40-0b99-49aa-8458-d9ea815c8e7a,Kalamees Branch 84,South Igor,55401,EE
9dd4ad96-1014-4a85-b78f-383462308f53,Tiiu Glens 78,South Sergey,30800,EE
4d4145e0-36cc-45db-9319-d5124c4649dd,Jaan Roads 30,Kotkasville,54522,EE
35951baf-7432-4cbc-983a-f1862d6efa7d,Mayerhoferstraße 98,Langenlois,6247,AT
4e1fb078-f81d-4bf3-8f17-3d8bb7bd77ce,Hagerweg 43,Raabs an der Thaya,9496,AT
ebdc732a-303b-4a50-9872-1ad4d15455a9,Alma-Spitzer-Ring 111,Pregarten,6680,AT
c600b9b6-fab8-4e73-88fb-786c1e46c595,Eva-Kraus-Ring 123,Rohrbach in Oberösterreich,4118,AT
7e4ab70a-36e2-48e5-a609-567c4e762047,Helena-Kölbl-Weg 65,Drosendorf-Zissersdorf 1,3487,AT
6d734ec1-55f7-49a0-8069-bfca5a3377af,Lennart-Strohmaier-Weg 52,Oberpullendorf,9926,AT
90e7bdea-6a98-4352-b50b-e8b234481bf8,Pilzstraße 87,Linz,8168,AT
2e10b1a5-ef9f-4c0b-b15a-4acc026abbaa,Fayboulevard 138,Den Velde,6667 DR,NL
e90db4fb-e986-4d22-b619-551e2650b124,Thijnbaan 108,Amersfoort,5387 JD,NL
fddcfa71-d52a-45a0-ba77-1420ee95755b,Liambaan 142,Sint Annen,9336 QA,NL
8c695321-8070-4982-857f-314c17fc422c,Novastraat 143,Schildwolde,3394 OO,NL
df803cce-7f3b-4a27-b289-92a173e3cabd,Kevindreef 65,Heibloem,3204 TQ,NL
d71bd58f-50b7-465f-b38a-d4df523ac49a,Berendsteeg 93,Bergharen,4313 YN,NL
0c099d16-f195-49bb-aaae-3ff9e253ab7a,Romysingel 105,De Cocksdorp,4003 AT,NL
0779c443-ce5a-4b18-8d7e-fcae65200e98,Stenhof 20,Noordhoek,7356 LK,NL
e5059533-fa78-4425-8c3b-d25a9394eb11,Beaupad 145,Swalmen,1997 HI,NL
c0f9e07f-9672-4bd0-ad1c-78ff4f53f523,Fabiënnesingel 130,Nieuwer Ter Aa,4918 DX,NL
97bfe2e4-f6df-4947-bfff-1ee0f5fddc69,Dinahof 123,Hoogkarspel,7865 UB,NL
f3ce6252-1d02-4dad-b570-b84e14c27cc7,Lukehof 88,Lutjewinkel,6901 BG,NL
20a4c25b-b923-4f7e-8a12-4f0e003417e3,Koensteeg 140,Blauwhuis,3261 AS,NL
6e323ff4-c345-495e-b8fa-29e6831520ca,Woutdreef 47,Nieuweroord,7913 GE,NL
05b827dc-f75f-4cd5-9516-c1a645d3fa2c,Collinbaan 143,Alkmaar,3291 TI,NL
55db7eb5-9295-480e-ae6b-f0de690aae3f,Liseweg 98,Wedde,4528 HU,NL
4d543a0e-b3e5-47e4-a261-a3d28bdbf1f8,Maudsingel 130,Overdinkel,8192 PP,NL
15dc9a26-52b3-4b34-95ff-60d690a069ba,Veerlepad 10,Nijemirdum,3569 YP,NL
5394eee9-dcb2-44dc-89dd-6da069ea1f64,Markpad 56,Milsbeek,7691 PB,NL
e2d7b0c2-54be-46c7-af37-42ace1fab06a,Mehmetweg 69,Oosterwolde,4260 KV,NL
d368e0d6-0b46-4634-b97e-1c398e7a372b,Ceylinpad 21,Ilpendam,9895 OU,NL
a4d69d94-5097-4e87-968d-8bf996de7955,Daniëlpad 102,Nieuw Scheemda,9769 NQ,NL
ee7150cd-f25b-4180-a41f-26d3b6f6fec4,Linnbaan 26,Vlissingen,1777 OR,NL
3a1e1faa-400a-47fc-b5ca-4006085698d7,Gijsweg 110,Beutenaken,1386 AP,NL
0ce131dc-eece-4051-94b6-35d80f23d695,Deandreef 87,Nieuw-Weerdinge,5195 GE,NL
50bea76b-e732-4e1f-a4b2-1ca69938b9e7,Samsteeg 149,Lobith,9820 TT,NL
d04ed07f-5d29-4600-bde2-ae271f3fd2cd,Sebastiaanhof 136,Westerhoven,9896 ND,NL
87a35077-5d37-4869-9b91-cfb5de4f4739,Berendpad 40,Echteld,9728 AC,NL
3464a4d6-7f6e-45a6-80b3-5a929e0394e7,Mickring 50,Zeijerveen,8576 CJ,NL
412bc65b-1586-4778-96e9-ae4150011d9d,Koberplatz 15,Kufstein,4235,AT
cb6ef63a-6bae-49b1-8e1b-ae2877dcf7b2,Justus-Herrmann-Straße 39,Kufstein,3280,AT
c1a8ccc3-5c33-4a30-94fc-085b307cb228,Alma-Fürst-Straße 101,Waidhofen an der Thaya,4956,AT
7f136375-4f43-4433-8a4d-266fd2d9e4be,Jessica-Schlosser-Straße 39,Neunkirchen,4322,AT
aacab643-95d6-4abe-ac8d-e1d5eafa6b45,Dilara-Jandl-Ring 96,Wien,6586,AT
411f92fd-6db1-4e7a-a3e0-e84ebc309d33,Elisa-Mair-Ring 37,Drosendorf-Zissersdorf 1,1134,AT
50574997-9916-408e-bb51-a89031eb113c,Schererweg 141,Friedberg,6624,AT
29074abb-9f14-4852-b153-916b50ed151c,Nico-Pohl-Platz 108,Mattighofen,1669,AT
f117f274-1840-4ff8-966d-a609aa80ddfc,Schüllerplatz 12,Gallneukirchen,9032,AT
e67fda4e-0f1b-48df-b61c-14e4aa74cb72,Windischstr. 144,Kindberg,3215,AT
b8b69abe-d5ce-41e4-bc5a-96a22854ce42,Hämmerlering 127,Perg,1539,AT
dcb1c60b-d4ef-48c5-9530-5e900fe00010,Cristiano-Krug-Platz 62,Wörgl,2738,AT
6461d43b-8e1c-4ee9-ba65-8913ccf2ea43,Harrerring 6,Ebreichsdorf,7733,AT
c7230929-95c0-4df8-8032-a324a21b4bf3,Brandstätterstr. 150,Köflach,2377,AT
a667e116-585f-4eb3-b86c-246273045a1a,Lukas-Denk-Ring 4,Voitsberg,1592,AT
d844bf78-3ef5-4ae8-a219-ed06e97ee52a,Wilfingerring 90,Ternitz,5101,AT
643b9776-cf92-4a64-9c91-accef94a1dee,Kellerplatz 120,Ternitz,1307,AT
ae299c08-e1f1-4c64-910d-06b689fd6af9,Estherpad 130,Huisduinen,5766 IB,NL
335480ac-f1e8-4db5-b173-3582c87e7309,Emirdreef 104,Ryptsjerk,3681 DD,NL
987695b0-23ac-4b84-be35-a53466ef219a,Eviehof 112,Steenderen,9711 YX,NL
e38aaa38-63a7-479a-9eb5-d53c0ca172be,Joshuaweg 17,Zaltbommel,3666 UP,NL
341b6ada-a013-4a3e-ad96-a0442b162563,Lucassingel 2,Streefkerk,3209 CK,NL
c68323a9-762a-44bb-9991-2bedf9fcb988,Elisedreef 91,Erichem,7870 FI,NL
1cc3f06a-b457-4b7b-ac39-96aebdc165bf,Jimhof 61,Eck en Wiel,6315 PP,NL
f200e63a-d570-4b5a-8be0-15fcd1dfc26b,Woutbaan 45,Rottum,5294 BW,NL
e4f78188-ab8b-4683-a51b-95d40f633fda,Elisa-Kronsteiner-Straße 48,Amstetten,9096,AT
e94f51b2-cf74-4443-8248-3212f7023321,Amonweg 123,Gmunden,2670,AT
86d34bfe-1de4-4628-ad10-0cbf767bf585,Scherzerstraße 52,Murau,1274,AT
01cf8436-31cc-42bb-9e83-e5414492cc12,Steiningerstraße 149,Wilhelmsburg,1972,AT
f9a31bd2-3fee-4277-bf90-c4b98e87e850,Müllnerplatz 29,Pregarten,8174,AT
9ad098f6-599d-4000-ba17-9e2f54ed0e60,Krainerweg 13,Scheibbs,5468,AT
1704e146-312c-4940-a497-78e2194c955f,Wechselbergerring 10,Allentsteig,3390,AT
19c502db-1bad-42f5-90da-e03db25b8444,Zeilingerstraße 84,Radenthein,1457,AT
16e77920-5120-4f9c-b94b-a37c928b66d5,Frida-Paulitsch-Platz 50,Leoben,6762,AT
6aadd5ee-2d9a-4462-9b7f-3e3516fb588c,Julia Ways 109,Lake Reetbury,59729,EE
dc89a69c-7c59-4193-acb7-7d6ce07858fa,Roos Stream 45,Ülletown,54336,EE
06e9fc33-3e86-48a4-815d-b01a81734cdb,Suur Neck 119,Poljakovfort,19494,EE
4de2f84f-c47f-4f2b-b964-a0c7a6702775,Oja Shoals 118,New Jevgeniberg,34584,EE
c6305724-e7b5-40fa-b56b-27966d828567,Novikov Landing 54,Marekchester,36365,EE
55a6b1ce-e7a0-4b9d-b769-52875a368197,Jelena Rapid 107,West Andrei,88208,EE
10c2d392-a9db-434c-9322-21e2fcb0959b,Aino Plains 27,Port Alekseiland,41268,EE
0b33d390-c04d-4309-ae41-eb04f811b567,Abramov Crossroad 100,North Jekaterina,33093,EE
028dba17-7f30-4ca3-916d-5d35e4a85e2b,Maria Islands 95,South Aino,38725,EE
b1124849-e73c-415d-b9c1-3062dd05ed91,Jürisson Locks 92,Suvitown,67878,EE
01f71027-555c-4e9f-ba79-3d3e96085016,Õun Fall 75,Palmtown,94788,EE
addf72e4-058a-4b59-a833-44e886848137,Ojala Well 129,Kaldaton,14179,EE
d8dcc8ae-f4df-4fb1-9bf9-1122cf2eb2ed,Artur Walk 142,West Alexanderland,74043,EE
ac705f76-fe7a-495b-8afc-3e3aa6c19f8d,Andrus Ville 97,Reimanntown,90056,EE
3133e8b9-0bc6-474e-99cd-4b91d7e7ea72,Loorits Mall 116,New Aino,33597,EE
fc64e97c-9f3a-4204-b7cf-71163746e504,Uustalu Land 121,Lake Andrus,34505,EE
c3aebd36-8fea-470f-9ed0-c113f52a2944,Väli Plaza 90,Alekseitown,89688,EE
4465259b-c419-42b5-bd79-ab44c633ff19,Valeri Vista 33,South Maria,62448,EE
711f02ac-e905-4731-bd38-7e53f882006a,Ellaring 105,Maasbree,7661 LK,NL
561f7e5e-e771-4bab-8fdf-98182142373c,Emmabaan 82,Drogeham,6708 CR,NL
dd1d62d3-1622-4797-8f98-75b326d89a8c,Loekpad 81,Huijbergen,7546 JJ,NL
4e2cf688-1adf-4bdb-afed-84ebfedb852f,Renskeboulevard 107,Susteren,8151 DO,NL
14268795-b1b2-4d3e-b8da-a7f231837385,Thijmenbaan 142,Urk,4033 SA,NL
2f348ad2-e688-405e-be6f-332d367cf088,Helenasingel 57,Haule,9884 YE,NL
529fefba-97bf-46b3-9768-ba9a1fa9abd6,Basring 46,Haringhuizen,6536 CF,NL
71494031-67ef-4e9e-803f-00347399a177,Aydendreef 97,Akersloot,5656 GF,NL
406ec398-9a4a-4a9c-a735-a17352ec0382,Chloélaan 124,Abbenbroek,5209 EB,NL
9f78299c-b9a9-4a03-bf8d-c9f2e3a10464,Jortring 58,Eext,6439 FM,NL
eee13dc0-e1e4-49cf-8dba-6d8f7ab8572c,Timosingel 50,Warstiens,6715 KH,NL
48d46113-b50a-4a15-a0ff-f2cb6857548c,Mathijsstraat 18,Ubbena,8548 SC,NL
2985c817-a937-4c86-9f40-ec4712d527a0,Barthof 33,Boekel,9895 LM,NL
c3629df7-6898-4668-9f18-1e4f394e61fe,Elifboulevard 3,Tiel,6457 CE,NL
b9452195-d03c-4606-8b7f-c1618c1d76b2,Ayasteeg 38,Rotsterhaule,8012 TC,NL
72883dfe-3bef-4eef-b630-7286a3f5f60a,Tiina Field 56,Jekaterinaside,73800,EE
11a3c10e-5df2-40d2-95ff-6f2220e7b30f,Nadežda Cliff 33,Marekland,78277,EE
5a469d02-f117-4924-b709-18e85df4e0e8,Tamara Skyway 24,Aivarland,16673,EE
c3d2e249-a0b3-430f-8a23-12e869c458e7,Urmas Radial 70,North Ivan,82506,EE
9e730261-181a-40c0-b9e5-399e55a0fcb3,Kudrjavtsev Green 10,Port Ülleside,64044,EE
9131507d-92f4-4460-9a1c-1c2646bc0d80,Olesk Keys 130,North Markofort,40939,EE
7081aef6-a9ed-4ad7-99eb-8211272e1601,Finnstraat 52,Berkenwoude,3377 YO,NL
b5f5cf3e-3ae7-4934-88ee-fc0581b02aef,Felixboulevard 93,Emmer-Compascuum,9070 WX,NL
4757ee6e-b176-415c-abdb-6e3eb075b085,Ianbaan 60,Velp,6416 FP,NL
dc47f55e-2d2f-4d86-989a-b90def3e0728,Ilsering 63,Winterswijk Ratum,2489 HM,NL
13d0abba-7d7d-4c0a-93b5-6c254d829f38,Rosapad 141,Dreumel,2426 JK,NL
ddbbcafc-157d-420e-9056-99e2c7fbc910,Lennlaan 14,Kropswolde,8966 EH,NL
51c0ccb1-d0eb-41e4-9067-b9cd0dace7b3,Mararing 62,Hedikhuizen,5231 MH,NL
4fa65a06-6a07-43b5-b3b2-9a3737e28bfd,Livialaan 84,Goedereede,7378 PW,NL
111e9e53-aa0c-4817-8af9-6953bc8d821e,Julianpad 130,Klazienaveen,4291 KY,NL
8eeedc3c-2304-4c2b-8c36-3beb3038fd2f,Benboulevard 66,Ubbena,8060 YZ,NL
c048ab0b-8b65-4d30-8bf8-31244091e5a8,Madsring 61,Harich,7021 TG,NL
d3a9fcd6-e4f9-4a2a-bd31-df968684f88a,Floortjepad 59,Hindeloopen,9924 QY,NL
369f36d9-bfa2-4d08-b19e-df125bac72c9,Veerlesingel 9,Zijdewind,5157 JC,NL
fddadf24-0c4b-4a95-805b-b2644ca36ecb,Rosalielaan 3,Tijnje,3920 VL,NL
cba5aefe-8007-45a3-ba1b-e467f167e8d8,Vincentbaan 35,Feerwerd,8749 ZD,NL
75379dba-0a99-498b-a47e-dd5e68109efb,Janring 76,Zeijen,3023 QY,NL
cd68fd5e-c022-4891-bef1-fe17bfdec90a,Hiddeboulevard 137,Slenaken,7117 WN,NL
a38a1243-09b5-41fc-bd51-5f5e9855226a,Theo-Hirschmann-Straße 72,Deutschlandsberg,1415,AT
b0081c18-40fc-4f2d-94be-8ec0b1b1bfe2,Gustav-Riedler-Weg 33,Pulkau,6689,AT
63961970-cc35-444f-98e8-f1d2496fd519,Noel-Langer-Straße 83,Stockerau,3768,AT
d2644c64-884f-41a7-80d3-2d890ae5aba8,Haidweg 16,Knittelfeld,2598,AT
e77b4418-ba1c-48c1-a4b7-6d47aba6d111,Luka-Walser-Ring 28,Schärding,1270,AT
02cbc304-90d0-4d0f-8fe2-45b6cc4e0460,Pragerplatz 125,Steyregg,3342,AT
9d746ceb-f5f1-4fc8-9a61-57a95f94d967,Jankplatz 99,Scheibbs,1537,AT
bb8bfcbd-74ce-4d4a-ae40-91528c16567f,Feiglplatz 57,Deutschlandsberg,9404,AT
a37df6b9-0bd3-47e1-96bf-582857986708,Eggerweg 41,Murau,2676,AT
d48a5ae0-45ad-43c0-813e-ab4163b67b1d,Moritzstraße 132,Deutschlandsberg,8707,AT
2da4d7f2-a2c1-41d4-931b-f956c72a5ac1,Maurerplatz 6,Bad Aussee,2117,AT
f24c863b-b651-4595-803c-51a1ea8f3d1f,Stefanie-Jungwirth-Ring 107,Schwechat,2968,AT
4499bad7-1236-4d47-910a-39092c29feb0,Philip-Buchner-Weg 18,Murau,3105,AT
c5086c32-4210-416d-ad44-a2ccfa2aa9eb,Wienergasse 150,Marchegg,4565,AT
14f1609c-1b0c-4574-aaf1-24955c52c615,Lilli-Heim-Weg 144,Schladming,3638,AT
ab652a72-1d8b-4252-b7bb-1ab4286ade3a,Sascha-Dangl-Platz 115,Geras,7334,AT
fe963e96-082a-4a19-8bc7-baeeae11af49,Platzerstraße 24,Bludenz,3079,AT
27bace69-7a60-40a8-94fb-163012296f32,Leon-Wechselberger-Straße 48,Zeltweg,3175,AT
bf6c4df4-535b-4b48-89cf-f23df246f186,Strasserplatz 124,Waidhofen an der Ybbs,9983,AT
cd9f753a-37d1-42f8-b63f-cda0e7a3bbc7,Laura-Bittner-Gasse 55,Stadtschlaining,8539,AT
a3e4ca4c-6d0f-444c-9526-1ab584dc55da,Jamie-Schwab-Weg 118,Radstadt,5576,AT
017b49cf-249c-4be0-a967-2134dfdd8e2d,Neumayerweg 4,Sankt Veit an der Glan,4227,AT
01eccdba-65e6-40b5-b590-d8304ce4e31e,Hofmanngasse 58,Raabs an der Thaya,8547,AT
57630d70-0eb7-4062-a807-74606da638b2,Alexandra-Moritz-Gasse 31,Mattersburg,5009,AT
ba3124df-44f1-4516-8859-64e523371a3f,Böschstr. 4,Ansfelden,8816,AT
1c6dae6f-4f04-4779-845a-1c04f0ab6022,Vincent-Horak-Platz 145,Baden,2464,AT
932e3571-30c5-4670-af9d-66584b9d4528,Staudingerring 53,Fürstenfeld,2241,AT
1ad9ec63-ba64-4b01-a76c-5c21513a81ca,Tothgasse 94,Traiskirchen,3465,AT
4402d7c5-5371-4155-ac2b-3b43738a67ee,Leebplatz 55,Radenthein,5692,AT
63aa09e3-6fdb-4d54-bd0d-fcc63a38dc11,Eichbergerplatz 71,Eisenerz,6577,AT
09525f64-4274-4af0-be38-df1c51fd01c8,Tim-Hartl-Straße 127,Retz,9258,AT
01de1868-8827-4859-bd02-5676d187bbae,Vorobjov Road 150,North Jevgenifurt,83015,EE
96b4a573-a938-4a56-b671-9865bbcfb3c4,Kotov Centers 3,North Vladimir,39732,EE
2ba78a3f-e8f4-4e01-a1a2-9ea2af6b3cce,Kristina Valleys 100,South Anuside,76490,EE
f71ba9fa-5d53-4e38-ac8a-3c8f17896f55,Lomp Rapid 86,Tatianashire,90955,EE
7973a14c-5f73-4844-9afc-95985e0396b7,Liblik Rest 84,North Natalja,21166,EE
d65e5de6-4120-47c5-bce5-af5d4f351d34,Mare Landing 60,East Elena,20555,EE
09785886-6546-40ea-a119-9b372bf8efdb,Jevgeni Lights 122,New Reinhaven,21448,EE
c4ac8e97-40ea-4cc8-ba4d-8743ef1e2e31,Rosin Club 39,West Sander,59922,EE
d69708b6-153e-469a-89ef-cedce5eec1bc,Volkov Haven 39,Igorborough,71898,EE
8b4cb911-f461-46ac-acd4-3517e1911462,Viktor Canyon 13,West Nataljafort,76588,EE
f78641eb-927d-49dd-aca2-28aaeefc44f5,Miller Junction 27,Fominshire,42691,EE
b540bbdd-3421-4505-8bad-5842b0c7e10e,Jevgeni Freeway 72,Remmelhaven,64145,EE
d62ccc21-55f1-47f3-acb3-e64b4b2b0839,Galina Island 6,Port Kristjanfort,26423,EE
c4cd7d57-359b-45fa-bed3-bfbf68cce369,Peeter Flats 125,Gavrilovview,79110,EE
914ca75a-b3cd-4e52-aaf6-80271ee29ac7,Talts Lane 30,Nõmmfort,58424,EE
8829bb65-2f12-431c-8198-7d2723dd1c7f,Lääne Burgs 98,Orlovland,80202,EE
920a9b43-96b9-4d63-aa51-9d7e79c4e17b,Marko Lodge 45,South Andres,18050,EE
54e856df-478b-4e1c-9c5f-5b7a7ce7194b,Nikiforov Shore 134,Pärtelton,16144,EE
577b78d4-e010-477e-ba6e-30bf70fdd411,Jõesaar Rapids 6,Port Oleg,92058,EE
0529817d-446d-459e-b5c2-c5dc51ccfaaa,Roots Ports 136,North Meelisside,24932,EE
b55b6aff-bf32-48e1-b573-7a481804ab11,Marika Junction 84,Kuzminfort,54434,EE
6f30a7a2-5853-40c4-b053-7fbb2bcdacf3,Viktor Fall 139,Viktoriachester,37668,EE
943a764e-f110-4875-8eb4-3ad492c6cedf,Riina Estates 1,Riinaview,62047,EE
cc728558-f887-4123-b263-dd1133f232a2,Ljudmila Lights 80,Kärnershire,56855,EE
e99f469e-b723-4681-bf51-2cb65df2c440,Igor Locks 73,New Valentinachester,10513,EE
80857fb2-64e0-46b5-a4fd-1a1781ba4be9,Raadik Burg 145,Port Tarmo,95544,EE
cff239f2-cb45-40a6-bbed-05a9c9e51944,Maria Mission 114,Vahtrafort,29381,EE
ce518ffc-d43d-4a2a-bbac-bd851c476113,Koit Locks 2,North Kristina,29446,EE
09fa3808-216d-4b51-a659-64b08865def3,Laht Station 62,North Roman,40114,EE
3b251899-215d-472f-8b25-2c5a357d7205,Tõnu Knolls 9,Irinaview,57123,EE
041d3dee-5398-43e6-9340-b6ba710821bd,Mandel Highway 50,Kroonfort,71681,EE
39dbede7-dc93-4e55-8dcc-dc668a40c090,Tylerstraat 71,Driehuizen,9563 NS,NL
a3ccd99f-706f-4532-8b20-c56fd304d06c,Lottering 39,Langeveen,4209 ZM,NL
4d5149a5-a8f6-4572-a5af-eba59cc25e54,Pimlaan 49,Nieuwerbrug aan den Rijn,1717 WS,NL
52ce2c28-e32b-4098-aa7c-1ea386716104,Vincebaan 140,Havelte,1044 QC,NL
13f14080-3c0d-451a-9e00-559b2802e605,Elizabethhof 141,Vinkega,6679 UD,NL
18a8af2e-043a-49ea-9a6e-d48d0d100f2e,Melissaweg 73,Buitenkaag,4993 MJ,NL
59f42ea9-a2ef-4b5b-b171-bea9649d997c,Lukeboulevard 3,Brucht,4515 OB,NL
fd9e08fc-be41-4a56-bf09-c01385bdffb1,Bastiaanhof 74,Vlagtwedde,3328 GK,NL
89f49ff6-8b85-4239-ae7e-3352b3f2adeb,Lolapad 107,Vondelingenplaat Rotterdam,6564 KL,NL
de4452be-1567-43c9-af7a-98c53abe5a8d,Bassingel 30,Renswoude,4045 WR,NL
696b7284-5f69-4d12-b473-83af2b146841,Miloubaan 126,Europoort Rotterdam,2701 GK,NL
4e7e6db1-ef4c-418d-8cd6-b614683a9c59,Verastraat 109,Heerhugowaard,3615 FU,NL
2aff2792-7328-4a48-87be-67227d7476b1,Koenweg 91,Nieuwolda,8194 XU,NL
65b57e18-35da-4e58-9d56-5c5e771079e2,Mariaboulevard 22,Vasse,1228 ZG,NL
455d4e28-eb27-4179-bafc-90928d9c8097,Tijssteeg 55,Rutten,5608 JT,NL
76800d7a-bb11-4dbc-bd0f-8012f3cf3c33,Keanoring 9,Punthorst,3785 CR,NL
9de8f237-3d67-4462-b7fb-74c03a654040,Meikesingel 5,Dwingeloo,8292 AT,NL
764534ae-c086-4c36-9b22-6d7d6e066b6c,Anouksingel 83,Giethoorn,5615 RR,NL
05a0101a-a25b-4a1c-803d-a5dff75db892,Marestraat 97,Zwaagdijk-West,8838 DN,NL
a03ab089-e171-4a0b-98d2-3ff2f63d0aa3,Noutlaan 72,'t Haantje,2979 GB,NL
73522179-16d4-487e-ac18-2c289284cc11,Vincentsteeg 2,Vierhouten,3557 MF,NL
5ea7917e-b4e6-489a-8d0d-a057270a8e47,Sjoerdsingel 35,Lobith,1444 UV,NL
0554fed0-f649-4aa4-967b-f3f09a5526e0,Beratpad 50,Velden,3938 DT,NL
42e0d9db-e618-4f44-bea0-a9676e959ad2,Noahhof 55,Beltrum,1165 JB,NL
8b239a58-e70c-4940-9173-9873a904a5ef,Ameliaboulevard 100,Roswinkel,2731 AM,NL
914393c7-a5c6-483d-9223-1b411aba80c6,Wesselweg 87,Leiden,5207 TV,NL
2549a9b7-3a30-468e-86a1-b09b1047bcba,Jaysonring 3,Rijpwetering,4357 FQ,NL
dee6baf8-0f02-4f60-889f-290925a20afb,Milanlaan 67,Renkum,1789 LZ,NL
91589df9-b38c-4c6f-8373-b211920bfafa,Izehof 8,Nijbroek,5488 OJ,NL
c5dfd3ca-988f-460a-832a-85b269fc1c4c,Gielbaan 13,Aldtsjerk,6221 DD,NL
594de949-8e2f-4e0e-975c-4a9ae985f7c1,Emirlaan 94,Westerbork,1085 BT,NL
918066d2-72fd-494f-9ad9-c036328091be,Elinsingel 56,Westergeest,6362 YK,NL
c51c0c7a-3e44-4f90-a412-41e4e7e40f52,Barthof 116,Stompetoren,5160 IW,NL
5b8f3e0c-1d85-48ad-a997-c91489e70bdf,Dionweg 36,Heelweg,4711 QO,NL
03c9178a-8261-4870-86ef-05d108d04616,Maxdreef 125,De Moer,3187 MK,NL
3f607de4-68ff-4cdf-a576-3df668f09882,Ibrahimbaan 117,Driehuis NH,9812 DF,NL
333199ac-cba7-4627-97db-3ca95b10f907,Naudstraat 72,Andijk,5881 JU,NL
6053a94b-9db0-4e9a-8c24-8f080cf1a812,Laurin-Hartl-Straße 91,Saalfelden am Steinernen Meer,3744,AT
03ca7fc9-eabb-4e02-b222-c94934301ab4,Widhalmstr. 98,Neulengbach,3410,AT
1868151b-ff34-47d5-803a-36b5937b1cb5,Liam-Gmeiner-Weg 125,Völkermarkt,4380,AT
b0708e82-07f9-4a7f-be14-c1908b12561b,Adriana-Pachler-Straße 148,Retz,9846,AT
21a08c70-103d-41c3-98d6-9a543e664717,Gollnerweg 133,Traiskirchen,1146,AT
3c1b6a78-400c-4b33-ad71-d69bc8fed11d,Reinbacherstr. 84,Pöchlarn,4782,AT
f1c52f75-54a6-4a87-90f2-fbb653f25876,Kahrgasse 84,Bad Radkersburg,5504,AT
74159f23-1edc-4e4d-a8b1-c0eaa5a40157,Erberplatz 140,Oberwart,8996,AT
d7850982-05ba-49a7-bdf7-0f9768a96531,Evelienpad 90,De Meern,8505 AP,NL
e61c4bc4-6d07-4c07-9aa4-0ec41596f2f8,Cornelissteeg 145,Veen,2321 QJ,NL
91ad92a0-a820-43e2-9813-db5e2cc293a5,Quintenstraat 106,Hoensbroek,5091 JP,NL
7d50fae6-c4d4-4646-a3ba-140b47139655,Majadreef 136,Bilthoven,7825 BW,NL
c0409b8b-8176-4c72-857e-69bdfd08f61e,Stenbaan 19,Roosteren,3868 WA,NL
3331a347-cc1a-41f9-bca5-2579e78914fe,Sepdreef 4,Ederveen,5030 EJ,NL
16ea4250-d252-4a19-8aba-9abab98f2acd,Fayebaan 103,Son en Breugel,2054 VI,NL
3296d832-2fca-496a-844a-8dd4ed0c5328,Fatimastraat 87,Wolphaartsdijk,7724 VP,NL
1e928b84-098d-49b6-bedb-1746e11832cc,Jadelaan 25,Ovezande,8219 AE,NL
5cc30d09-76fb-4a77-b1d5-f851a4e2ec8f,Martin-Schreiner-Straße 36,Litschau,6091,AT
0dabbf5c-1e5d-4549-ad49-693cebb05e2e,Lina-Foidl-Weg 115,Peuerbach,9623,AT
a8878b4c-9225-494d-a766-916ed20bd3f1,Pertlring 5,Steyregg,6687,AT
d1f22cad-309c-46d4-9734-7e13b017d2d8,Naglplatz 70,Stadtschlaining,4625,AT
caca3683-f629-42ef-9cbe-df5b6bab109e,Katharina-Scheer-Weg 54,Dürnstein,4837,AT
619ea432-f78c-4f9b-a379-c6c403395ac4,Alexander-Hammer-Platz 84,Oberwart,7430,AT
b9a92872-dcfa-4426-8c43-d0c2a22968f3,Strohmayerring 61,Schärding,5200,AT
275c291b-adca-448b-be2c-db0f542f7485,Jevgeni Land 48,North Urmasshire,32805,EE
888d1e8c-ccf5-4994-b839-30ee760b6d38,Kalamees Curve 22,North Ljudmila,16394,EE
c1d38c57-90bf-4778-8567-732a67395bfc,Sergey Extensions 95,Lake Roman,36875,EE
bf6cbfcc-3fb4-4ba8-b96a-4166cd9161a7,Viktor Turnpike 94,Sandermouth,37018,EE
500e2d6d-cbc4-4f7f-9411-18b0db1286c2,Soosaar Dale 98,Sergeimouth,52095,EE
12511980-069c-4773-9a54-0f67c9d67cbb,Mare Tunnel 104,East Mihhail,68633,EE
209298d1-ef6d-4ea6-bce4-1299b1b5c11d,Indrek Harbor 16,Margusberg,89131,EE
09109499-4540-4068-a39d-cdc10895e48e,Randoja Meadows 56,Lemberberg,57548,EE
6168b093-ab28-4891-8b90-e44d52bc92b7,Kadri Greens 34,West Dianaview,87195,EE
1aacb190-ca6c-4d4d-b3f7-b73b330490b1,Aino Roads 78,Riinaton,38531,EE
55bcb664-1675-457f-88f0-13ee579a24da,Marinusbaan 121,Heveadorp,4359 XC,NL
f1eb63b8-0f7f-4326-bebf-e757ec1de3ea,Ashleylaan 30,Herten,2067 MQ,NL
4ca4b894-39be-4694-8d1d-31ef128155e4,Lucaboulevard 40,Kommerzijl,6114 LQ,NL
c938ab8d-eb49-4e11-a2e6-1cf15cec4a02,Philippad 138,Kolhorn,5973 ND,NL
e3e5fb29-2c40-4554-921b-aeb548400d9d,Zakariasteeg 135,Maria Hoop,4129 KJ,NL
2ae4a741-d2ed-46fb-9a3a-d43dffc17943,Daansingel 16,Leens,6189 CS,NL
8c236c88-e995-4828-9ba9-2df9c6fc9080,Liekering 37,Cadzand,9529 JQ,NL
183360fd-7d25-49dc-acec-b8507ff8d12f,Rafaelboulevard 31,De Heen,7238 XG,NL
2d854227-a9fb-408c-9114-3e87b5e5eae5,Cristiano-Rohrer-Ring 125,Oberwälz,1533,AT
df84a355-c8bf-4545-bc82-742d88fa1ed3,Doblerplatz 101,Leibnitz,1254,AT
11b5d536-2321-4a85-9849-fcbd023dfe46,Schützstraße 30,Oberwälz,5250,AT
91d1a6f6-7717-4078-ae2c-0209d9f14192,Elma-Häusler-Weg 46,Feldkirchen,7072,AT
6104ad32-1291-43fc-b2b3-5a9cfa43e1e4,Timo-Klement-Straße 138,Deutsch-Wagram,3550,AT
16c5a643-fa7a-4ed0-86b7-275c5ca65d4d,Pröllstraße 109,Mank,3495,AT
39a2c00a-1499-4517-ae5e-1126d0829e61,Andjela-Fuhrmann-Weg 63,Oberwart,9767,AT
93398288-ac13-49b9-836c-0483f9a11410,Leibetsederstr. 37,Schrattenthal,5207,AT
f0edc2c8-e8fc-40b6-885b-6c617e9cb2ce,Fuchsgasse 114,Zell am See,4907,AT
76e81250-01a5-4364-a18e-cb05aa1f9ccb,Isabelle-Hammerl-Ring 15,Mattersburg,9644,AT
